tissue	outcome	avi_quintile	tested	observed	expected	observed_expected	ci_low	ci_high
Whole_Blood	eqtl	1	1585616	44829	66060	0.67861	0.556605	0.814058
Whole_Blood	eqtl	2	1648296	86725	131043	0.661804	0.602342	0.720773
Whole_Blood	eqtl	3	1733134	178340	197979	0.900801	0.837348	0.972236
Whole_Blood	eqtl	4	1956758	350983	317118	1.10679	1.07069	1.1391
Whole_Blood	eqtl	5	1716569	452630	401306	1.12789	1.08324	1.17381
Whole_Blood	lead	1	1585616	191	398.933	0.478777	0.413635	0.547176
Whole_Blood	lead	2	1648296	602	905.143	0.665088	0.611136	0.720189
Whole_Blood	lead	3	1733134	1226	1620.91	0.756366	0.711914	0.804813
Whole_Blood	lead	4	1956758	2828	2909.03	0.972144	0.93623	1.00864
Whole_Blood	lead	5	1716569	5317	4329.98	1.22795	1.1951	1.26572
Whole_Blood	finemapped	1	1585616	72	146.27	0.492241	0.385662	0.606245
Whole_Blood	finemapped	2	1648296	293	402.692	0.727603	0.620357	0.837017
Whole_Blood	finemapped	3	1733134	742	877.032	0.846036	0.762596	0.942336
Whole_Blood	finemapped	4	1956758	1692	1725.77	0.980432	0.920585	1.03779
Whole_Blood	finemapped	5	1716569	3165	2812.24	1.12544	1.08483	1.16774
Adipose_Subcutaneous	eqtl	1	1842787	69616	96724.6	0.719734	0.605059	0.838674
Adipose_Subcutaneous	eqtl	2	1751670	115273	171896	0.670599	0.608538	0.738235
Adipose_Subcutaneous	eqtl	3	1792749	212813	241763	0.880255	0.823229	0.949001
Adipose_Subcutaneous	eqtl	4	1984047	414199	365072	1.13457	1.09883	1.17066
Adipose_Subcutaneous	eqtl	5	1724035	498633	435079	1.14607	1.0984	1.19216
Adipose_Subcutaneous	lead	1	1842787	350	640.743	0.546241	0.485338	0.607289
Adipose_Subcutaneous	lead	2	1751670	839	1329.64	0.630998	0.586883	0.679125
Adipose_Subcutaneous	lead	3	1792749	1733	2168.38	0.799213	0.755826	0.845994
Adipose_Subcutaneous	lead	4	1984047	3598	3645.26	0.987036	0.952883	1.0221
Adipose_Subcutaneous	lead	5	1724035	6378	5113.98	1.24717	1.21465	1.28423
Adipose_Subcutaneous	finemapped	1	1842787	104	195.948	0.530753	0.430171	0.643302
Adipose_Subcutaneous	finemapped	2	1751670	357	523.356	0.682136	0.583975	0.787876
Adipose_Subcutaneous	finemapped	3	1792749	834	1052.18	0.79264	0.713542	0.876178
Adipose_Subcutaneous	finemapped	4	1984047	1943	1963.13	0.989746	0.928294	1.05279
Adipose_Subcutaneous	finemapped	5	1724035	3611	3114.39	1.15946	1.12059	1.19988
Adipose_Visceral_Omentum	eqtl	1	1855607	46305	67278.3	0.68826	0.548288	0.836129
Adipose_Visceral_Omentum	eqtl	2	1754980	84050	122565	0.685759	0.611019	0.769758
Adipose_Visceral_Omentum	eqtl	3	1797065	156359	176662	0.885075	0.809936	0.96718
Adipose_Visceral_Omentum	eqtl	4	1983665	307393	271022	1.1342	1.08923	1.1758
Adipose_Visceral_Omentum	eqtl	5	1724128	377330	333910	1.13003	1.07178	1.18946
Adipose_Visceral_Omentum	lead	1	1855607	281	509.224	0.55182	0.486526	0.619425
Adipose_Visceral_Omentum	lead	2	1754980	705	1049.07	0.672022	0.621286	0.728717
Adipose_Visceral_Omentum	lead	3	1797065	1344	1739.48	0.772645	0.72447	0.819788
Adipose_Visceral_Omentum	lead	4	1983665	2869	2924.24	0.981109	0.94316	1.01919
Adipose_Visceral_Omentum	lead	5	1724128	5171	4147.98	1.24663	1.21307	1.28318
Adipose_Visceral_Omentum	finemapped	1	1855607	73	134.613	0.542295	0.415312	0.662343
Adipose_Visceral_Omentum	finemapped	2	1754980	258	380.504	0.678048	0.563557	0.811358
Adipose_Visceral_Omentum	finemapped	3	1797065	658	789.205	0.83375	0.741167	0.930903
Adipose_Visceral_Omentum	finemapped	4	1983665	1455	1477.61	0.984699	0.924368	1.05207
Adipose_Visceral_Omentum	finemapped	5	1724128	2687	2349.07	1.14386	1.10055	1.18952
Adrenal_Gland	eqtl	1	1862691	25528	34083.7	0.748979	0.551846	0.954031
Adrenal_Gland	eqtl	2	1761174	39926	61983	0.644144	0.555069	0.741171
Adrenal_Gland	eqtl	3	1801328	87070	92716.2	0.939103	0.810102	1.07461
Adrenal_Gland	eqtl	4	1983386	165222	146662	1.12655	1.06865	1.18247
Adrenal_Gland	eqtl	5	1723436	207484	189786	1.09326	1.01256	1.17784
Adrenal_Gland	lead	1	1862691	179	333.231	0.537165	0.460448	0.613537
Adrenal_Gland	lead	2	1761174	463	662.922	0.698423	0.635891	0.768215
Adrenal_Gland	lead	3	1801328	902	1099.34	0.820493	0.761005	0.886808
Adrenal_Gland	lead	4	1983386	1896	1874.42	1.01152	0.965946	1.05699
Adrenal_Gland	lead	5	1723436	3220	2690.09	1.19699	1.15778	1.23647
Adrenal_Gland	finemapped	1	1862691	29	65.978	0.43954	0.294091	0.604028
Adrenal_Gland	finemapped	2	1761174	138	176.645	0.781228	0.644461	0.927166
Adrenal_Gland	finemapped	3	1801328	319	369.002	0.864495	0.762525	0.986792
Adrenal_Gland	finemapped	4	1983386	739	712.136	1.03772	0.954424	1.1143
Adrenal_Gland	finemapped	5	1723436	1261	1162.24	1.08497	1.03137	1.13625
Artery_Aorta	eqtl	1	1849896	50529	71023.5	0.71144	0.576529	0.854591
Artery_Aorta	eqtl	2	1743956	81069	125723	0.644824	0.582071	0.709759
Artery_Aorta	eqtl	3	1789781	158212	179635	0.880743	0.804712	0.962241
Artery_Aorta	eqtl	4	1981888	313849	275818	1.13789	1.09579	1.17459
Artery_Aorta	eqtl	5	1723998	385540	337000	1.14403	1.08733	1.20052
Artery_Aorta	lead	1	1849896	294	516.584	0.569123	0.502803	0.636077
Artery_Aorta	lead	2	1743956	677	1037.47	0.65255	0.600133	0.709703
Artery_Aorta	lead	3	1789781	1312	1719.11	0.763186	0.714205	0.817488
Artery_Aorta	lead	4	1981888	2889	2914.23	0.991344	0.955748	1.0281
Artery_Aorta	lead	5	1723998	5154	4138.61	1.24535	1.21168	1.28405
Artery_Aorta	finemapped	1	1849896	83	152.884	0.542894	0.422216	0.666648
Artery_Aorta	finemapped	2	1743956	268	384.984	0.696133	0.602377	0.803033
Artery_Aorta	finemapped	3	1789781	624	787.407	0.792474	0.70544	0.88686
Artery_Aorta	finemapped	4	1981888	1447	1479.76	0.977861	0.916027	1.0374
Artery_Aorta	finemapped	5	1723998	2737	2353.96	1.16272	1.11753	1.20891
Artery_Coronary	eqtl	1	1869489	15197	24359	0.623876	0.393484	0.866736
Artery_Coronary	eqtl	2	1755097	28130	46983.5	0.598721	0.492901	0.718234
Artery_Coronary	eqtl	3	1795192	66916	71251	0.939159	0.78251	1.08903
Artery_Coronary	eqtl	4	1982143	130149	113178	1.14995	1.08471	1.21447
Artery_Coronary	eqtl	5	1723521	164413	149033	1.1032	1.00182	1.21406
Artery_Coronary	lead	1	1869489	152	256.435	0.592743	0.499501	0.69118
Artery_Coronary	lead	2	1755097	375	522.167	0.718161	0.638835	0.799048
Artery_Coronary	lead	3	1795192	703	864.502	0.813185	0.742417	0.884492
Artery_Coronary	lead	4	1982143	1457	1451.84	1.00355	0.95144	1.05289
Artery_Coronary	lead	5	1723521	2495	2087.06	1.19546	1.15448	1.23743
Artery_Coronary	finemapped	1	1869489	20	50.2775	0.397792	0.21677	0.580021
Artery_Coronary	finemapped	2	1755097	97	139.941	0.69315	0.564741	0.841357
Artery_Coronary	finemapped	3	1795192	242	299.62	0.807691	0.698335	0.928866
Artery_Coronary	finemapped	4	1982143	570	564.505	1.00973	0.922625	1.09432
Artery_Coronary	finemapped	5	1723521	1032	906.657	1.13825	1.07848	1.19432
Artery_Tibial	eqtl	1	1834233	66816	98943.2	0.675297	0.566558	0.791164
Artery_Tibial	eqtl	2	1744827	119408	176202	0.677676	0.622598	0.733011
Artery_Tibial	eqtl	3	1791299	217549	244583	0.889469	0.827933	0.95845
Artery_Tibial	eqtl	4	1981051	422431	371765	1.13628	1.10145	1.16902
Artery_Tibial	eqtl	5	1724035	507925	442635	1.1475	1.103	1.19145
Artery_Tibial	lead	1	1834233	328	613.056	0.535025	0.473638	0.593778
Artery_Tibial	lead	2	1744827	819	1271.48	0.644131	0.598779	0.69098
Artery_Tibial	lead	3	1791299	1550	2043.56	0.758479	0.712647	0.803142
Artery_Tibial	lead	4	1981051	3429	3510.44	0.976801	0.942975	1.01371
Artery_Tibial	lead	5	1724035	6286	4973.46	1.26391	1.23115	1.30218
Artery_Tibial	finemapped	1	1834233	112	207.207	0.540523	0.423587	0.672119
Artery_Tibial	finemapped	2	1744827	359	554.452	0.647487	0.559986	0.745229
Artery_Tibial	finemapped	3	1791299	856	1076.68	0.795038	0.72264	0.875858
Artery_Tibial	finemapped	4	1981051	2060	2074.85	0.992842	0.934488	1.05543
Artery_Tibial	finemapped	5	1724035	3793	3266.81	1.16107	1.11871	1.20472
Brain_Amygdala	eqtl	1	1929623	9419	12906.2	0.729804	0.451351	1.03303
Brain_Amygdala	eqtl	2	1778869	14723	23949.6	0.614749	0.487899	0.756303
Brain_Amygdala	eqtl	3	1808786	35644	35912.1	0.992534	0.771517	1.21386
Brain_Amygdala	eqtl	4	1984470	66792	57010.7	1.17157	1.086	1.25439
Brain_Amygdala	eqtl	5	1724480	81101	77900.4	1.04109	0.925785	1.16973
Brain_Amygdala	lead	1	1929623	118	172.076	0.685744	0.568852	0.80356
Brain_Amygdala	lead	2	1778869	227	328.617	0.690775	0.585484	0.789776
Brain_Amygdala	lead	3	1808786	438	521.104	0.840523	0.756392	0.923449
Brain_Amygdala	lead	4	1984470	915	858.678	1.06559	0.996754	1.13175
Brain_Amygdala	lead	5	1724480	1423	1240.53	1.14709	1.0971	1.19569
Brain_Amygdala	finemapped	1	1929623	19	23.9509	0.793291	0.456394	1.1565
Brain_Amygdala	finemapped	2	1778869	43	62.282	0.690408	0.474139	0.929777
Brain_Amygdala	finemapped	3	1808786	112	125.592	0.891777	0.72345	1.06997
Brain_Amygdala	finemapped	4	1984470	233	231.94	1.00457	0.888053	1.12237
Brain_Amygdala	finemapped	5	1724480	427	390.235	1.09421	1.01624	1.16982
Brain_Anterior_cingulate_cortex_BA24	eqtl	1	1938697	12918	20589.5	0.627406	0.433914	0.844077
Brain_Anterior_cingulate_cortex_BA24	eqtl	2	1777349	22950	36313.3	0.632	0.511722	0.746981
Brain_Anterior_cingulate_cortex_BA24	eqtl	3	1810135	53323	53810	0.990949	0.809474	1.16158
Brain_Anterior_cingulate_cortex_BA24	eqtl	4	1984470	98463	84811.5	1.16096	1.08712	1.231
Brain_Anterior_cingulate_cortex_BA24	eqtl	5	1724480	122769	114899	1.0685	0.972144	1.17494
Brain_Anterior_cingulate_cortex_BA24	lead	1	1938697	200	277.626	0.720394	0.633655	0.817074
Brain_Anterior_cingulate_cortex_BA24	lead	2	1777349	336	498.807	0.673608	0.591781	0.758083
Brain_Anterior_cingulate_cortex_BA24	lead	3	1810135	686	779.774	0.879742	0.813323	0.944623
Brain_Anterior_cingulate_cortex_BA24	lead	4	1984470	1313	1274.54	1.03017	0.977907	1.08341
Brain_Anterior_cingulate_cortex_BA24	lead	5	1724480	2150	1854.25	1.1595	1.11783	1.19843
Brain_Anterior_cingulate_cortex_BA24	finemapped	1	1938697	23	36.7231	0.626309	0.39202	0.909373
Brain_Anterior_cingulate_cortex_BA24	finemapped	2	1777349	63	92.3234	0.682384	0.492664	0.884262
Brain_Anterior_cingulate_cortex_BA24	finemapped	3	1810135	178	186.459	0.954632	0.808215	1.1161
Brain_Anterior_cingulate_cortex_BA24	finemapped	4	1984470	360	349.007	1.0315	0.936167	1.13922
Brain_Anterior_cingulate_cortex_BA24	finemapped	5	1724480	631	590.488	1.06861	1.00103	1.13002
Brain_Caudate_basal_ganglia	eqtl	1	1933081	24457	35576.5	0.687448	0.534617	0.862934
Brain_Caudate_basal_ganglia	eqtl	2	1778371	40205	62983	0.638347	0.548313	0.73456
Brain_Caudate_basal_ganglia	eqtl	3	1811250	84158	90887	0.925963	0.802613	1.0532
Brain_Caudate_basal_ganglia	eqtl	4	1985725	164072	139572	1.17553	1.1194	1.22882
Brain_Caudate_basal_ganglia	eqtl	5	1724656	197132	181005	1.0891	1.01228	1.17191
Brain_Caudate_basal_ganglia	lead	1	1933081	261	410.269	0.636167	0.557304	0.714164
Brain_Caudate_basal_ganglia	lead	2	1778371	518	752.967	0.687945	0.620797	0.758408
Brain_Caudate_basal_ganglia	lead	3	1811250	963	1163.29	0.827826	0.771749	0.88464
Brain_Caudate_basal_ganglia	lead	4	1985725	1961	1899.28	1.0325	0.987676	1.07634
Brain_Caudate_basal_ganglia	lead	5	1724656	3240	2717.2	1.19241	1.15677	1.22922
Brain_Caudate_basal_ganglia	finemapped	1	1933081	52	79.9318	0.650555	0.469949	0.83205
Brain_Caudate_basal_ganglia	finemapped	2	1778371	143	194.988	0.733377	0.572729	0.8893
Brain_Caudate_basal_ganglia	finemapped	3	1811250	331	371.509	0.890961	0.784299	1.0042
Brain_Caudate_basal_ganglia	finemapped	4	1985725	694	682.484	1.01687	0.938626	1.10206
Brain_Caudate_basal_ganglia	finemapped	5	1724656	1227	1118.09	1.09741	1.04277	1.15002
Brain_Cerebellar_Hemisphere	eqtl	1	1922109	31046	42486.9	0.73072	0.564195	0.919236
Brain_Cerebellar_Hemisphere	eqtl	2	1773356	43397	72481.3	0.598733	0.507713	0.698997
Brain_Cerebellar_Hemisphere	eqtl	3	1807004	92697	106151	0.873256	0.768119	0.978823
Brain_Cerebellar_Hemisphere	eqtl	4	1985437	188588	164524	1.14626	1.09285	1.19542
Brain_Cerebellar_Hemisphere	eqtl	5	1724297	243798	213883	1.13987	1.07147	1.21573
Brain_Cerebellar_Hemisphere	lead	1	1922109	275	450.112	0.610959	0.543668	0.684296
Brain_Cerebellar_Hemisphere	lead	2	1773356	596	841.646	0.708136	0.642809	0.772653
Brain_Cerebellar_Hemisphere	lead	3	1807004	1065	1354.52	0.786259	0.731616	0.846313
Brain_Cerebellar_Hemisphere	lead	4	1985437	2232	2234.03	0.999091	0.955942	1.04531
Brain_Cerebellar_Hemisphere	lead	5	1724297	3954	3241.69	1.21973	1.18286	1.25996
Brain_Cerebellar_Hemisphere	finemapped	1	1922109	60	89.8655	0.667664	0.498372	0.863243
Brain_Cerebellar_Hemisphere	finemapped	2	1773356	138	222.839	0.619282	0.499792	0.744834
Brain_Cerebellar_Hemisphere	finemapped	3	1807004	329	445.128	0.739114	0.640114	0.846393
Brain_Cerebellar_Hemisphere	finemapped	4	1985437	791	825.734	0.957935	0.887077	1.03576
Brain_Cerebellar_Hemisphere	finemapped	5	1724297	1637	1371.43	1.19364	1.13969	1.24888
Brain_Cerebellum	eqtl	1	1917139	36649	51785.3	0.707711	0.553081	0.880607
Brain_Cerebellum	eqtl	2	1773914	56623	89512.4	0.632572	0.552075	0.730915
Brain_Cerebellum	eqtl	3	1807004	108823	130866	0.831558	0.740952	0.923994
Brain_Cerebellum	eqtl	4	1985457	228709	201155	1.13698	1.09139	1.1846
Brain_Cerebellum	eqtl	5	1724297	300347	257832	1.16489	1.10168	1.23079
Brain_Cerebellum	lead	1	1917139	319	503.644	0.633384	0.565717	0.709164
Brain_Cerebellum	lead	2	1773914	618	945.511	0.653615	0.590517	0.71624
Brain_Cerebellum	lead	3	1807004	1113	1530.99	0.726982	0.678982	0.773652
Brain_Cerebellum	lead	4	1985457	2462	2535.99	0.970822	0.933187	1.01416
Brain_Cerebellum	lead	5	1724297	4668	3663.86	1.27406	1.23947	1.31046
Brain_Cerebellum	finemapped	1	1917139	63	112.292	0.561038	0.399486	0.754362
Brain_Cerebellum	finemapped	2	1773914	190	277.011	0.685892	0.567591	0.80844
Brain_Cerebellum	finemapped	3	1807004	448	554.973	0.807247	0.711227	0.916103
Brain_Cerebellum	finemapped	4	1985457	977	1025.07	0.953104	0.892602	1.01666
Brain_Cerebellum	finemapped	5	1724297	1989	1697.65	1.17162	1.12751	1.21634
Brain_Cortex	eqtl	1	1933185	27891	42635.1	0.654179	0.486824	0.837327
Brain_Cortex	eqtl	2	1778330	45916	72998.5	0.628999	0.534465	0.728273
Brain_Cortex	eqtl	3	1810261	94654	103867	0.911301	0.799586	1.02578
Brain_Cortex	eqtl	4	1984425	185101	158314	1.1692	1.11337	1.22198
Brain_Cortex	eqtl	5	1724638	228155	203903	1.11894	1.04365	1.19578
Brain_Cortex	lead	1	1933185	276	433.91	0.636076	0.565457	0.715246
Brain_Cortex	lead	2	1778330	525	805.55	0.651729	0.595115	0.712901
Brain_Cortex	lead	3	1810261	1009	1261.47	0.799863	0.747025	0.855277
Brain_Cortex	lead	4	1984425	2017	2056.78	0.980657	0.939529	1.02761
Brain_Cortex	lead	5	1724638	3722	2991.29	1.24428	1.20598	1.28549
Brain_Cortex	finemapped	1	1933185	52	87.22	0.596194	0.443454	0.756117
Brain_Cortex	finemapped	2	1778330	155	209.77	0.738904	0.593134	0.885003
Brain_Cortex	finemapped	3	1810261	326	409.386	0.796314	0.689407	0.911744
Brain_Cortex	finemapped	4	1984425	746	755.781	0.987058	0.914335	1.06497
Brain_Cortex	finemapped	5	1724638	1459	1275.84	1.14356	1.09014	1.19457
Brain_Frontal_Cortex_BA9	eqtl	1	1946950	21497	31397.2	0.684678	0.491548	0.895698
Brain_Frontal_Cortex_BA9	eqtl	2	1781684	33218	53820.2	0.617204	0.520756	0.710646
Brain_Frontal_Cortex_BA9	eqtl	3	1813137	72837	77212.6	0.943331	0.805913	1.07297
Brain_Frontal_Cortex_BA9	eqtl	4	1984748	138091	119456	1.156	1.09667	1.21413
Brain_Frontal_Cortex_BA9	eqtl	5	1724656	172789	156547	1.10375	1.022	1.19283
Brain_Frontal_Cortex_BA9	lead	1	1946950	225	356.326	0.631444	0.553887	0.712797
Brain_Frontal_Cortex_BA9	lead	2	1781684	454	653.562	0.694655	0.626367	0.766205
Brain_Frontal_Cortex_BA9	lead	3	1813137	846	1021.72	0.828019	0.772807	0.889901
Brain_Frontal_Cortex_BA9	lead	4	1984748	1669	1669.34	0.999798	0.953812	1.04672
Brain_Frontal_Cortex_BA9	lead	5	1724656	2904	2397.06	1.21148	1.17283	1.25068
Brain_Frontal_Cortex_BA9	finemapped	1	1946950	47	71.9851	0.652913	0.470492	0.85142
Brain_Frontal_Cortex_BA9	finemapped	2	1781684	130	173.603	0.748837	0.587993	0.908213
Brain_Frontal_Cortex_BA9	finemapped	3	1813137	274	335.663	0.816296	0.712908	0.927385
Brain_Frontal_Cortex_BA9	finemapped	4	1984748	638	618.869	1.03091	0.952382	1.12363
Brain_Frontal_Cortex_BA9	finemapped	5	1724656	1122	1010.88	1.10992	1.04961	1.16539
Brain_Hippocampus	eqtl	1	1934171	14880	21751.3	0.684098	0.469859	0.923577
Brain_Hippocampus	eqtl	2	1778860	21920	38851.9	0.564194	0.467494	0.669479
Brain_Hippocampus	eqtl	3	1808863	55911	56613.3	0.987595	0.81687	1.16763
Brain_Hippocampus	eqtl	4	1984470	103286	88524.7	1.16675	1.09598	1.23619
Brain_Hippocampus	eqtl	5	1724480	127574	117830	1.0827	0.981531	1.1911
Brain_Hippocampus	lead	1	1934171	173	259.625	0.666346	0.575984	0.759801
Brain_Hippocampus	lead	2	1778860	336	494.575	0.679371	0.605162	0.753948
Brain_Hippocampus	lead	3	1808863	660	775.123	0.851478	0.781009	0.925484
Brain_Hippocampus	lead	4	1984470	1294	1279.81	1.01109	0.956698	1.06453
Brain_Hippocampus	lead	5	1724480	2182	1835.87	1.18854	1.14426	1.2307
Brain_Hippocampus	finemapped	1	1934171	33	44.4625	0.742198	0.492541	1.00374
Brain_Hippocampus	finemapped	2	1778860	90	116.237	0.774282	0.606939	0.965131
Brain_Hippocampus	finemapped	3	1808863	178	225.125	0.790673	0.658115	0.934108
Brain_Hippocampus	finemapped	4	1984470	426	420.707	1.01258	0.914446	1.11528
Brain_Hippocampus	finemapped	5	1724480	764	684.469	1.11619	1.04587	1.18446
Brain_Hypothalamus	eqtl	1	1957770	16891	22239.1	0.759517	0.521531	1.02088
Brain_Hypothalamus	eqtl	2	1780424	23326	39448.3	0.591306	0.482383	0.703034
Brain_Hypothalamus	eqtl	3	1809931	57652	58280.1	0.989223	0.812115	1.15633
Brain_Hypothalamus	eqtl	4	1985402	104389	90821.5	1.14939	1.08254	1.21657
Brain_Hypothalamus	eqtl	5	1724638	129913	121382	1.07028	0.968024	1.18467
Brain_Hypothalamus	lead	1	1957770	167	264.567	0.63122	0.532361	0.72479
Brain_Hypothalamus	lead	2	1780424	328	480.12	0.683163	0.592235	0.768752
Brain_Hypothalamus	lead	3	1809931	633	758.176	0.834898	0.766358	0.901714
Brain_Hypothalamus	lead	4	1985402	1316	1242.79	1.0589	1.01017	1.11551
Brain_Hypothalamus	lead	5	1724638	2092	1790.34	1.16849	1.12519	1.21155
Brain_Hypothalamus	finemapped	1	1957770	32	47.2926	0.676638	0.431173	0.960308
Brain_Hypothalamus	finemapped	2	1780424	100	112.625	0.887902	0.662835	1.14062
Brain_Hypothalamus	finemapped	3	1809931	211	222.406	0.948715	0.807302	1.09326
Brain_Hypothalamus	finemapped	4	1985402	415	409.197	1.01418	0.91243	1.1113
Brain_Hypothalamus	finemapped	5	1724638	718	684.479	1.04897	0.984428	1.11011
Brain_Nucleus_accumbens_basal_ganglia	eqtl	1	1935423	25027	35173.9	0.711523	0.532419	0.922466
Brain_Nucleus_accumbens_basal_ganglia	eqtl	2	1777131	39635	61994.1	0.639335	0.538739	0.749358
Brain_Nucleus_accumbens_basal_ganglia	eqtl	3	1811999	82951	89356.3	0.928318	0.80274	1.05739
Brain_Nucleus_accumbens_basal_ganglia	eqtl	4	1985725	160787	138029	1.16488	1.10149	1.22308
Brain_Nucleus_accumbens_basal_ganglia	eqtl	5	1724656	194655	178502	1.09049	1.01307	1.17802
Brain_Nucleus_accumbens_basal_ganglia	lead	1	1935423	256	390.86	0.654967	0.57322	0.739081
Brain_Nucleus_accumbens_basal_ganglia	lead	2	1777131	509	724.964	0.702104	0.634269	0.775428
Brain_Nucleus_accumbens_basal_ganglia	lead	3	1811999	926	1131.66	0.818265	0.764957	0.872854
Brain_Nucleus_accumbens_basal_ganglia	lead	4	1985725	1870	1866.77	1.00173	0.954347	1.04951
Brain_Nucleus_accumbens_basal_ganglia	lead	5	1724656	3252	2698.74	1.20501	1.16885	1.2442
Brain_Nucleus_accumbens_basal_ganglia	finemapped	1	1935423	55	72.9081	0.754374	0.526674	0.974373
Brain_Nucleus_accumbens_basal_ganglia	finemapped	2	1777131	150	183.618	0.816912	0.657561	0.999827
Brain_Nucleus_accumbens_basal_ganglia	finemapped	3	1811999	304	355.719	0.854608	0.750877	0.962706
Brain_Nucleus_accumbens_basal_ganglia	finemapped	4	1985725	672	665.747	1.00939	0.933449	1.09266
Brain_Nucleus_accumbens_basal_ganglia	finemapped	5	1724656	1202	1105.01	1.08778	1.03281	1.13894
Brain_Putamen_basal_ganglia	eqtl	1	1916776	19153	27976	0.684623	0.486185	0.924352
Brain_Putamen_basal_ganglia	eqtl	2	1776295	29464	50067.4	0.588486	0.492179	0.695439
Brain_Putamen_basal_ganglia	eqtl	3	1809272	68794	72914.6	0.943487	0.800517	1.0883
Brain_Putamen_basal_ganglia	eqtl	4	1985402	132578	113115	1.17207	1.10936	1.23279
Brain_Putamen_basal_ganglia	eqtl	5	1724480	162886	148802	1.09465	1.00703	1.18822
Brain_Putamen_basal_ganglia	lead	1	1916776	211	323.503	0.652236	0.568813	0.735953
Brain_Putamen_basal_ganglia	lead	2	1776295	435	609.547	0.713644	0.642554	0.781529
Brain_Putamen_basal_ganglia	lead	3	1809272	784	956.45	0.819698	0.752711	0.882397
Brain_Putamen_basal_ganglia	lead	4	1985402	1599	1575.61	1.01484	0.967574	1.05958
Brain_Putamen_basal_ganglia	lead	5	1724480	2725	2288.88	1.19054	1.1536	1.23292
Brain_Putamen_basal_ganglia	finemapped	1	1916776	40	62.8161	0.63678	0.421093	0.846997
Brain_Putamen_basal_ganglia	finemapped	2	1776295	113	156.496	0.722063	0.558982	0.896515
Brain_Putamen_basal_ganglia	finemapped	3	1809272	264	299.426	0.881687	0.755762	1.01359
Brain_Putamen_basal_ganglia	finemapped	4	1985402	548	557.887	0.982277	0.894216	1.0723
Brain_Putamen_basal_ganglia	finemapped	5	1724480	1029	917.374	1.12168	1.06123	1.18167
Brain_Spinal_cord_cervical_c-1	eqtl	1	1957134	11031	16428.5	0.671454	0.491853	0.893019
Brain_Spinal_cord_cervical_c-1	eqtl	2	1780545	18349	29701.1	0.617788	0.504366	0.735533
Brain_Spinal_cord_cervical_c-1	eqtl	3	1807750	45503	44727.6	1.01734	0.81778	1.21228
Brain_Spinal_cord_cervical_c-1	eqtl	4	1985406	82590	69617.4	1.18634	1.10115	1.26101
Brain_Spinal_cord_cervical_c-1	eqtl	5	1724638	96159	93157.3	1.03222	0.922574	1.15463
Brain_Spinal_cord_cervical_c-1	lead	1	1957134	128	205.111	0.624052	0.50827	0.743406
Brain_Spinal_cord_cervical_c-1	lead	2	1780545	296	387.51	0.763851	0.678763	0.85495
Brain_Spinal_cord_cervical_c-1	lead	3	1807750	555	625.14	0.887801	0.809952	0.967065
Brain_Spinal_cord_cervical_c-1	lead	4	1985406	1036	1021.43	1.01427	0.954052	1.06679
Brain_Spinal_cord_cervical_c-1	lead	5	1724638	1683	1458.81	1.15368	1.1093	1.19823
Brain_Spinal_cord_cervical_c-1	finemapped	1	1957134	26	36.5702	0.710961	0.428377	1.01732
Brain_Spinal_cord_cervical_c-1	finemapped	2	1780545	75	86.061	0.871475	0.628799	1.14293
Brain_Spinal_cord_cervical_c-1	finemapped	3	1807750	149	169.476	0.879182	0.740234	1.0402
Brain_Spinal_cord_cervical_c-1	finemapped	4	1985406	330	306.883	1.07533	0.967165	1.18192
Brain_Spinal_cord_cervical_c-1	finemapped	5	1724638	506	487.011	1.03899	0.964289	1.10724
Brain_Substantia_nigra	eqtl	1	1928128	7486	10651.1	0.702837	0.4326	0.953279
Brain_Substantia_nigra	eqtl	2	1776748	10879	19767.7	0.550342	0.424099	0.683581
Brain_Substantia_nigra	eqtl	3	1807287	33771	29815.4	1.13267	0.844731	1.40058
Brain_Substantia_nigra	eqtl	4	1985402	55252	47487.6	1.1635	1.05934	1.26398
Brain_Substantia_nigra	eqtl	5	1724480	65620	65286.2	1.00511	0.868119	1.15849
Brain_Substantia_nigra	lead	1	1928128	95	153.794	0.61771	0.499099	0.749723
Brain_Substantia_nigra	lead	2	1776748	206	290.152	0.709972	0.607363	0.812394
Brain_Substantia_nigra	lead	3	1807287	414	456.727	0.906449	0.811198	1.01238
Brain_Substantia_nigra	lead	4	1985402	783	747.627	1.04731	0.978609	1.11986
Brain_Substantia_nigra	lead	5	1724480	1233	1082.7	1.13882	1.09006	1.18838
Brain_Substantia_nigra	finemapped	1	1928128	13	21.0369	0.617961	0.326657	0.901911
Brain_Substantia_nigra	finemapped	2	1776748	51	55.3334	0.921686	0.658476	1.18579
Brain_Substantia_nigra	finemapped	3	1807287	98	110.471	0.887107	0.716325	1.09125
Brain_Substantia_nigra	finemapped	4	1985402	218	206.43	1.05605	0.912179	1.18685
Brain_Substantia_nigra	finemapped	5	1724480	358	344.728	1.0385	0.963797	1.10564
Breast_Mammary_Tissue	eqtl	1	1873966	34720	52318	0.663634	0.499712	0.847587
Breast_Mammary_Tissue	eqtl	2	1758094	62631	98713.9	0.63447	0.547051	0.730755
Breast_Mammary_Tissue	eqtl	3	1795788	128655	144503	0.890326	0.798262	0.989712
Breast_Mammary_Tissue	eqtl	4	1983611	253534	221857	1.14278	1.09334	1.1921
Breast_Mammary_Tissue	eqtl	5	1724179	315459	277607	1.13635	1.06617	1.20596
Breast_Mammary_Tissue	lead	1	1873966	223	424.259	0.525622	0.459208	0.5935
Breast_Mammary_Tissue	lead	2	1758094	584	900.687	0.648394	0.592158	0.707856
Breast_Mammary_Tissue	lead	3	1795788	1193	1507.4	0.791427	0.743379	0.844057
Breast_Mammary_Tissue	lead	4	1983611	2516	2527.75	0.995352	0.957181	1.03367
Breast_Mammary_Tissue	lead	5	1724179	4449	3604.9	1.23415	1.20122	1.27239
Breast_Mammary_Tissue	finemapped	1	1873966	73	116.955	0.624171	0.476941	0.771301
Breast_Mammary_Tissue	finemapped	2	1758094	214	325.037	0.658387	0.547557	0.778086
Breast_Mammary_Tissue	finemapped	3	1795788	593	669.173	0.886169	0.790472	0.995082
Breast_Mammary_Tissue	finemapped	4	1983611	1192	1243.03	0.95895	0.893164	1.02778
Breast_Mammary_Tissue	finemapped	5	1724179	2291	2008.81	1.14048	1.09225	1.18886
Cells_Cultured_fibroblasts	eqtl	1	1783729	68378	101255	0.675308	0.567064	0.795905
Cells_Cultured_fibroblasts	eqtl	2	1722109	129138	179304	0.720218	0.663883	0.7823
Cells_Cultured_fibroblasts	eqtl	3	1775974	224691	251127	0.894729	0.840825	0.949821
Cells_Cultured_fibroblasts	eqtl	4	1974101	429769	378382	1.13581	1.10226	1.16781
Cells_Cultured_fibroblasts	eqtl	5	1721557	515671	457580	1.12695	1.08689	1.16803
Cells_Cultured_fibroblasts	lead	1	1783729	334	630.613	0.529643	0.473846	0.590989
Cells_Cultured_fibroblasts	lead	2	1722109	900	1286.98	0.699309	0.653623	0.747182
Cells_Cultured_fibroblasts	lead	3	1775974	1644	2080.87	0.790053	0.743137	0.839801
Cells_Cultured_fibroblasts	lead	4	1974101	3508	3515.25	0.997937	0.96374	1.02972
Cells_Cultured_fibroblasts	lead	5	1721557	6301	5173.28	1.21799	1.18676	1.25138
Cells_Cultured_fibroblasts	finemapped	1	1783729	91	208.873	0.43567	0.336511	0.556004
Cells_Cultured_fibroblasts	finemapped	2	1722109	404	551.674	0.732316	0.64944	0.82461
Cells_Cultured_fibroblasts	finemapped	3	1775974	891	1076.9	0.827376	0.746085	0.918382
Cells_Cultured_fibroblasts	finemapped	4	1974101	2032	2043	0.994615	0.940451	1.04943
Cells_Cultured_fibroblasts	finemapped	5	1721557	3839	3376.55	1.13696	1.09627	1.1754
Cells_EBV-transformed_lymphocytes	eqtl	1	1717417	9116	13321.4	0.684313	0.368563	1.00043
Cells_EBV-transformed_lymphocytes	eqtl	2	1690613	13984	27706.5	0.50472	0.415578	0.606844
Cells_EBV-transformed_lymphocytes	eqtl	3	1761246	41346	44357.8	0.932103	0.709628	1.14686
Cells_EBV-transformed_lymphocytes	eqtl	4	1966060	85766	74230	1.15541	1.08481	1.22729
Cells_EBV-transformed_lymphocytes	eqtl	5	1716854	113605	104201	1.09024	0.972287	1.2178
Cells_EBV-transformed_lymphocytes	lead	1	1717417	119	174.602	0.68155	0.555159	0.798444
Cells_EBV-transformed_lymphocytes	lead	2	1690613	250	380.052	0.657806	0.575395	0.744218
Cells_EBV-transformed_lymphocytes	lead	3	1761246	524	649.766	0.806444	0.740435	0.872765
Cells_EBV-transformed_lymphocytes	lead	4	1966060	1162	1131.15	1.02727	0.972378	1.08665
Cells_EBV-transformed_lymphocytes	lead	5	1716854	1972	1691.43	1.16588	1.12821	1.20699
Cells_EBV-transformed_lymphocytes	finemapped	1	1717417	17	33.3054	0.510427	0.260852	0.790891
Cells_EBV-transformed_lymphocytes	finemapped	2	1690613	54	95.5204	0.565324	0.431537	0.708829
Cells_EBV-transformed_lymphocytes	finemapped	3	1761246	160	204.998	0.780497	0.655081	0.914462
Cells_EBV-transformed_lymphocytes	finemapped	4	1966060	423	394.955	1.07101	0.978084	1.16134
Cells_EBV-transformed_lymphocytes	finemapped	5	1716854	742	667.222	1.11207	1.05136	1.17356
Colon_Sigmoid	eqtl	1	1870022	35353	50223.5	0.703914	0.541788	0.89075
Colon_Sigmoid	eqtl	2	1764592	60133	91215.8	0.659239	0.580553	0.747236
Colon_Sigmoid	eqtl	3	1801707	115317	133473	0.863976	0.76089	0.974258
Colon_Sigmoid	eqtl	4	1983378	235404	207844	1.1326	1.08642	1.17862
Colon_Sigmoid	eqtl	5	1724638	301551	265002	1.13792	1.06573	1.20961
Colon_Sigmoid	lead	1	1870022	272	449.122	0.605626	0.533211	0.684113
Colon_Sigmoid	lead	2	1764592	602	883.185	0.681624	0.620301	0.740598
Colon_Sigmoid	lead	3	1801707	1109	1446.6	0.766623	0.718331	0.817595
Colon_Sigmoid	lead	4	1983378	2368	2434.04	0.972867	0.934857	1.012
Colon_Sigmoid	lead	5	1724638	4390	3528.05	1.24431	1.20883	1.28305
Colon_Sigmoid	finemapped	1	1870022	56	101.325	0.552676	0.396921	0.727265
Colon_Sigmoid	finemapped	2	1764592	191	274.601	0.695555	0.570822	0.836911
Colon_Sigmoid	finemapped	3	1801707	470	569.564	0.825193	0.73214	0.942671
Colon_Sigmoid	finemapped	4	1983378	1063	1077.74	0.986322	0.91159	1.05885
Colon_Sigmoid	finemapped	5	1724638	2007	1763.77	1.1379	1.08666	1.18512
Colon_Transverse	eqtl	1	1871297	38227	55783.2	0.685278	0.521725	0.857873
Colon_Transverse	eqtl	2	1766311	66889	101593	0.658404	0.574196	0.748251
Colon_Transverse	eqtl	3	1803774	130325	148437	0.877984	0.789602	0.975281
Colon_Transverse	eqtl	4	1983677	254698	228432	1.11498	1.06689	1.16046
Colon_Transverse	eqtl	5	1724638	330437	286332	1.15404	1.08738	1.2215
Colon_Transverse	lead	1	1871297	257	472.047	0.544438	0.479626	0.609837
Colon_Transverse	lead	2	1766311	680	976.734	0.696198	0.642708	0.754639
Colon_Transverse	lead	3	1803774	1230	1623.57	0.757589	0.709542	0.809493
Colon_Transverse	lead	4	1983677	2651	2718.1	0.975315	0.937305	1.01138
Colon_Transverse	lead	5	1724638	4860	3887.55	1.25014	1.21553	1.28915
Colon_Transverse	finemapped	1	1871297	59	113.685	0.518979	0.391264	0.656099
Colon_Transverse	finemapped	2	1766311	234	325.949	0.717904	0.612757	0.828584
Colon_Transverse	finemapped	3	1803774	548	682.773	0.802609	0.719146	0.896384
Colon_Transverse	finemapped	4	1983677	1190	1274.59	0.933636	0.870534	0.998546
Colon_Transverse	finemapped	5	1724638	2428	2062.01	1.17749	1.13241	1.21975
Esophagus_Gastroesophageal_Junction	eqtl	1	1870654	35981	50259.1	0.715911	0.541526	0.904396
Esophagus_Gastroesophageal_Junction	eqtl	2	1756624	60672	93898.9	0.646142	0.569005	0.73316
Esophagus_Gastroesophageal_Junction	eqtl	3	1797154	118362	138269	0.856027	0.756345	0.953918
Esophagus_Gastroesophageal_Junction	eqtl	4	1983814	247593	216499	1.14362	1.09612	1.18966
Esophagus_Gastroesophageal_Junction	eqtl	5	1724638	312993	276675	1.13127	1.05903	1.20278
Esophagus_Gastroesophageal_Junction	lead	1	1870654	233	416.982	0.558777	0.48553	0.640634
Esophagus_Gastroesophageal_Junction	lead	2	1756624	552	856.191	0.644716	0.590388	0.702944
Esophagus_Gastroesophageal_Junction	lead	3	1797154	1110	1428.11	0.77725	0.720431	0.831861
Esophagus_Gastroesophageal_Junction	lead	4	1983814	2407	2427.01	0.991756	0.953198	1.03496
Esophagus_Gastroesophageal_Junction	lead	5	1724638	4371	3544.71	1.23311	1.19611	1.27207
Esophagus_Gastroesophageal_Junction	finemapped	1	1870654	52	104.502	0.497598	0.356128	0.641462
Esophagus_Gastroesophageal_Junction	finemapped	2	1756624	188	284.02	0.661925	0.526952	0.809619
Esophagus_Gastroesophageal_Junction	finemapped	3	1797154	507	600.063	0.844912	0.752879	0.943325
Esophagus_Gastroesophageal_Junction	finemapped	4	1983814	1128	1148.83	0.98187	0.915259	1.05793
Esophagus_Gastroesophageal_Junction	finemapped	5	1724638	2175	1912.59	1.1372	1.08358	1.18632
Esophagus_Mucosa	eqtl	1	1806860	54755	82914.8	0.660377	0.533966	0.793668
Esophagus_Mucosa	eqtl	2	1738531	104554	151979	0.687951	0.621845	0.762504
Esophagus_Mucosa	eqtl	3	1792664	196508	218860	0.897869	0.834973	0.964479
Esophagus_Mucosa	eqtl	4	1979889	375606	334794	1.1219	1.08357	1.15744
Esophagus_Mucosa	eqtl	5	1723584	466323	409197	1.1396	1.09585	1.18595
Esophagus_Mucosa	lead	1	1806860	309	582.774	0.530223	0.47071	0.597798
Esophagus_Mucosa	lead	2	1738531	819	1202.69	0.680975	0.627559	0.736488
Esophagus_Mucosa	lead	3	1792664	1561	2007.63	0.777534	0.734113	0.82097
Esophagus_Mucosa	lead	4	1979889	3384	3412.98	0.991509	0.959242	1.02431
Esophagus_Mucosa	lead	5	1723584	6062	4928.93	1.22988	1.19878	1.2637
Esophagus_Mucosa	finemapped	1	1806860	90	175.883	0.511704	0.405222	0.624532
Esophagus_Mucosa	finemapped	2	1738531	322	466.924	0.689619	0.58729	0.804446
Esophagus_Mucosa	finemapped	3	1792664	789	968.848	0.81437	0.735271	0.893578
Esophagus_Mucosa	finemapped	4	1979889	1783	1830.79	0.973899	0.919006	1.03284
Esophagus_Mucosa	finemapped	5	1723584	3428	2969.56	1.15438	1.10857	1.19599
Esophagus_Muscularis	eqtl	1	1857500	62172	87297.2	0.712188	0.583352	0.83999
Esophagus_Muscularis	eqtl	2	1754973	103961	151841	0.684669	0.620779	0.756363
Esophagus_Muscularis	eqtl	3	1796669	186357	213683	0.872117	0.806051	0.943769
Esophagus_Muscularis	eqtl	4	1983228	370669	324710	1.14154	1.10373	1.17878
Esophagus_Muscularis	eqtl	5	1724384	450916	396544	1.13712	1.08657	1.18728
Esophagus_Muscularis	lead	1	1857500	314	597.652	0.525389	0.471083	0.577402
Esophagus_Muscularis	lead	2	1754973	810	1185.3	0.683372	0.630571	0.741309
Esophagus_Muscularis	lead	3	1796669	1496	1932.17	0.774258	0.726563	0.824724
Esophagus_Muscularis	lead	4	1983228	3232	3265.98	0.989596	0.954918	1.0264
Esophagus_Muscularis	lead	5	1724384	5817	4687.9	1.24086	1.20595	1.28003
Esophagus_Muscularis	finemapped	1	1857500	93	174.58	0.532706	0.417476	0.649767
Esophagus_Muscularis	finemapped	2	1754973	324	462.389	0.700709	0.590148	0.828476
Esophagus_Muscularis	finemapped	3	1796669	742	943.691	0.786274	0.711883	0.877379
Esophagus_Muscularis	finemapped	4	1983228	1756	1797.92	0.976684	0.924549	1.0367
Esophagus_Muscularis	finemapped	5	1724384	3381	2917.42	1.1589	1.11684	1.19933
Heart_Atrial_Appendage	eqtl	1	1844243	43340	60150	0.720531	0.570165	0.877393
Heart_Atrial_Appendage	eqtl	2	1750358	70124	105160	0.666834	0.592611	0.74618
Heart_Atrial_Appendage	eqtl	3	1800763	135936	150912	0.900765	0.810083	0.995443
Heart_Atrial_Appendage	eqtl	4	1982933	260738	231971	1.12401	1.07815	1.16959
Heart_Atrial_Appendage	eqtl	5	1723880	327886	289832	1.1313	1.06629	1.1948
Heart_Atrial_Appendage	lead	1	1844243	248	451.687	0.549053	0.481415	0.629199
Heart_Atrial_Appendage	lead	2	1750358	618	902.479	0.68478	0.629755	0.743597
Heart_Atrial_Appendage	lead	3	1800763	1241	1498.66	0.828072	0.776352	0.882888
Heart_Atrial_Appendage	lead	4	1982933	2481	2561.19	0.968692	0.933208	1.00749
Heart_Atrial_Appendage	lead	5	1723880	4552	3725.99	1.22169	1.18625	1.26275
Heart_Atrial_Appendage	finemapped	1	1844243	65	123.796	0.525057	0.396144	0.667088
Heart_Atrial_Appendage	finemapped	2	1750358	238	318.485	0.747287	0.635386	0.868523
Heart_Atrial_Appendage	finemapped	3	1800763	595	661.822	0.899033	0.808694	0.997474
Heart_Atrial_Appendage	finemapped	4	1982933	1190	1252.98	0.949734	0.885852	1.01469
Heart_Atrial_Appendage	finemapped	5	1723880	2340	2070.91	1.12994	1.08248	1.17701
Heart_Left_Ventricle	eqtl	1	1793771	32622	47681.5	0.684164	0.508566	0.872259
Heart_Left_Ventricle	eqtl	2	1739071	58222	89111.5	0.653361	0.574825	0.729921
Heart_Left_Ventricle	eqtl	3	1788805	117773	130776	0.900568	0.795015	1.00886
Heart_Left_Ventricle	eqtl	4	1977280	232206	207070	1.12139	1.07428	1.16717
Heart_Left_Ventricle	eqtl	5	1722812	300050	266234	1.12702	1.05598	1.19717
Heart_Left_Ventricle	lead	1	1793771	205	379.427	0.540288	0.465555	0.621233
Heart_Left_Ventricle	lead	2	1739071	552	783.166	0.704831	0.648475	0.764111
Heart_Left_Ventricle	lead	3	1788805	1007	1307.72	0.770043	0.715709	0.824954
Heart_Left_Ventricle	lead	4	1977280	2238	2270.12	0.985849	0.949436	1.02639
Heart_Left_Ventricle	lead	5	1722812	4074	3335.56	1.22138	1.18667	1.25994
Heart_Left_Ventricle	finemapped	1	1793771	57	99.4364	0.573231	0.415544	0.747034
Heart_Left_Ventricle	finemapped	2	1739071	219	260.993	0.839102	0.703689	0.977693
Heart_Left_Ventricle	finemapped	3	1788805	419	552.765	0.758007	0.661468	0.868727
Heart_Left_Ventricle	finemapped	4	1977280	1027	1084.49	0.946992	0.880217	1.01977
Heart_Left_Ventricle	finemapped	5	1722812	2090	1814.32	1.15195	1.10344	1.19782
Kidney_Cortex	eqtl	1	1858575	3148	3673.88	0.85686	0.466958	1.28025
Kidney_Cortex	eqtl	2	1757950	3823	7146.37	0.534957	0.341273	0.749451
Kidney_Cortex	eqtl	3	1798806	13600	11216.2	1.21253	0.768514	1.61975
Kidney_Cortex	eqtl	4	1983228	20763	18224.9	1.13927	0.988769	1.2926
Kidney_Cortex	eqtl	5	1724995	24336	25408.7	0.957783	0.770268	1.18558
Kidney_Cortex	lead	1	1858575	36	50.9609	0.706424	0.504445	0.898588
Kidney_Cortex	lead	2	1757950	77	105.074	0.732819	0.54839	0.935949
Kidney_Cortex	lead	3	1798806	169	175.341	0.963837	0.804323	1.14555
Kidney_Cortex	lead	4	1983228	308	294.275	1.04664	0.937144	1.16039
Kidney_Cortex	lead	5	1724995	449	413.35	1.08625	1.00434	1.17753
Kidney_Cortex	finemapped	1	1858575	8	12.2864	0.651126	0.268434	1.05335
Kidney_Cortex	finemapped	2	1757950	23	27.8559	0.825679	0.431181	1.24543
Kidney_Cortex	finemapped	3	1798806	37	53.4389	0.692379	0.485472	0.952269
Kidney_Cortex	finemapped	4	1983228	100	94.1981	1.06159	0.870557	1.23507
Kidney_Cortex	finemapped	5	1724995	166	146.221	1.13527	1.0134	1.26447
Liver	eqtl	1	1757800	12637	19902	0.634962	0.463548	0.828574
Liver	eqtl	2	1718011	24745	39231.2	0.630748	0.517735	0.766312
Liver	eqtl	3	1780482	60947	60818.5	1.00211	0.836037	1.15579
Liver	eqtl	4	1976779	113188	99008.1	1.14322	1.07413	1.20383
Liver	eqtl	5	1721959	140025	132582	1.05614	0.960124	1.15758
Liver	lead	1	1757800	128	227.007	0.563858	0.474642	0.664814
Liver	lead	2	1718011	331	463.104	0.714742	0.635995	0.798016
Liver	lead	3	1780482	669	781.235	0.856337	0.788938	0.924053
Liver	lead	4	1976779	1378	1345.31	1.0243	0.973808	1.07533
Liver	lead	5	1721959	2243	1932.34	1.16077	1.124	1.20064
Liver	finemapped	1	1757800	14	45.4947	0.307728	0.162995	0.466405
Liver	finemapped	2	1718011	106	121.968	0.869077	0.691972	1.05794
Liver	finemapped	3	1780482	255	265.68	0.959803	0.823774	1.10682
Liver	finemapped	4	1976779	487	510.409	0.954137	0.870499	1.04014
Liver	finemapped	5	1721959	925	843.448	1.09669	1.03948	1.158
Lung	eqtl	1	1877745	55987	79925.8	0.700487	0.571463	0.831071
Lung	eqtl	2	1755758	99167	141749	0.699594	0.629284	0.768101
Lung	eqtl	3	1794546	180556	201754	0.89493	0.822972	0.972526
Lung	eqtl	4	1981156	344225	304155	1.13174	1.0931	1.17135
Lung	eqtl	5	1723543	417726	370077	1.12876	1.07811	1.1808
Lung	lead	1	1877745	342	585.208	0.584408	0.520487	0.648998
Lung	lead	2	1755758	813	1200.29	0.677334	0.625187	0.735511
Lung	lead	3	1794546	1514	1973.08	0.767329	0.723198	0.812673
Lung	lead	4	1981156	3194	3273.04	0.975852	0.9409	1.01075
Lung	lead	5	1723543	5768	4599.38	1.25408	1.21855	1.29091
Lung	finemapped	1	1877745	103	173.983	0.592013	0.455691	0.72083
Lung	finemapped	2	1755758	317	454.028	0.698195	0.59921	0.813725
Lung	finemapped	3	1794546	780	916.164	0.851376	0.773586	0.936437
Lung	finemapped	4	1981156	1700	1675.13	1.01485	0.9596	1.08254
Lung	finemapped	5	1723543	2975	2655.7	1.12023	1.07711	1.1593
Minor_Salivary_Gland	eqtl	1	1858849	10122	14201.1	0.712759	0.424758	1.00313
Minor_Salivary_Gland	eqtl	2	1752777	17761	28229.3	0.629168	0.50548	0.776369
Minor_Salivary_Gland	eqtl	3	1800824	45463	44313.9	1.02593	0.824817	1.21677
Minor_Salivary_Gland	eqtl	4	1982762	77314	70059.2	1.10355	1.03338	1.18052
Minor_Salivary_Gland	eqtl	5	1723521	101157	95013.4	1.06466	0.944712	1.19491
Minor_Salivary_Gland	lead	1	1858849	134	191.67	0.699118	0.585192	0.816391
Minor_Salivary_Gland	lead	2	1752777	301	394.778	0.762455	0.661585	0.87617
Minor_Salivary_Gland	lead	3	1800824	586	669.235	0.875626	0.799194	0.953004
Minor_Salivary_Gland	lead	4	1982762	1122	1102.15	1.01801	0.964345	1.07496
Minor_Salivary_Gland	lead	5	1723521	1802	1587.17	1.13535	1.09316	1.1742
Minor_Salivary_Gland	finemapped	1	1858849	14	33.8223	0.413928	0.198178	0.679496
Minor_Salivary_Gland	finemapped	2	1752777	92	92.3696	0.995999	0.764606	1.2219
Minor_Salivary_Gland	finemapped	3	1800824	162	200.714	0.807121	0.681126	0.94262
Minor_Salivary_Gland	finemapped	4	1982762	399	365.122	1.09278	0.995691	1.20533
Minor_Salivary_Gland	finemapped	5	1723521	621	595.972	1.04199	0.973604	1.10642
Muscle_Skeletal	eqtl	1	1746075	56129	85057.1	0.659898	0.540224	0.789331
Muscle_Skeletal	eqtl	2	1725681	103278	156735	0.658934	0.603054	0.721306
Muscle_Skeletal	eqtl	3	1785606	194738	222661	0.874596	0.808834	0.945235
Muscle_Skeletal	eqtl	4	1974693	391830	344481	1.13745	1.10088	1.17528
Muscle_Skeletal	eqtl	5	1722110	487099	424141	1.14844	1.10197	1.19474
Muscle_Skeletal	lead	1	1746075	270	540.669	0.499381	0.431839	0.563328
Muscle_Skeletal	lead	2	1725681	681	1107.73	0.614771	0.567918	0.661211
Muscle_Skeletal	lead	3	1785606	1409	1823.49	0.772694	0.725383	0.822486
Muscle_Skeletal	lead	4	1974693	3085	3140.29	0.982392	0.946846	1.01775
Muscle_Skeletal	lead	5	1722110	5832	4664.82	1.25021	1.21493	1.29036
Muscle_Skeletal	finemapped	1	1746075	77	166.825	0.461562	0.331231	0.594807
Muscle_Skeletal	finemapped	2	1725681	293	438.077	0.668831	0.561717	0.784082
Muscle_Skeletal	finemapped	3	1785606	700	901.074	0.77685	0.701047	0.862889
Muscle_Skeletal	finemapped	4	1974693	1688	1735.85	0.972436	0.914523	1.0378
Muscle_Skeletal	finemapped	5	1722110	3398	2914.18	1.16602	1.12371	1.20733
Nerve_Tibial	eqtl	1	1897940	88638	123455	0.717977	0.621438	0.819304
Nerve_Tibial	eqtl	2	1765551	145264	203272	0.714629	0.663769	0.765969
Nerve_Tibial	eqtl	3	1800904	251291	280359	0.896319	0.844382	0.953969
Nerve_Tibial	eqtl	4	1984591	465473	413368	1.12605	1.09326	1.15862
Nerve_Tibial	eqtl	5	1724045	554187	484399	1.14407	1.10309	1.18478
Nerve_Tibial	lead	1	1897940	428	791.579	0.540692	0.490944	0.59633
Nerve_Tibial	lead	2	1765551	1014	1504.21	0.674107	0.627499	0.723265
Nerve_Tibial	lead	3	1800904	1827	2431.64	0.751345	0.708653	0.79743
Nerve_Tibial	lead	4	1984591	3988	4010.72	0.994334	0.961348	1.02938
Nerve_Tibial	lead	5	1724045	7068	5586.85	1.26511	1.2313	1.3018
Nerve_Tibial	finemapped	1	1897940	156	283.034	0.551171	0.450487	0.655813
Nerve_Tibial	finemapped	2	1765551	492	679.737	0.723809	0.632276	0.837181
Nerve_Tibial	finemapped	3	1800904	1096	1334.17	0.821483	0.746863	0.898404
Nerve_Tibial	finemapped	4	1984591	2365	2428.34	0.973918	0.926144	1.02428
Nerve_Tibial	finemapped	5	1724045	4401	3784.72	1.16283	1.12272	1.20552
Ovary	eqtl	1	1852727	15630	19815.1	0.788793	0.530216	1.05317
Ovary	eqtl	2	1756780	22642	37095.2	0.610375	0.499524	0.732522
Ovary	eqtl	3	1802414	51831	56198.2	0.92229	0.770086	1.07305
Ovary	eqtl	4	1983374	104341	89670.2	1.16361	1.09261	1.23459
Ovary	eqtl	5	1724355	128523	120188	1.06935	0.970426	1.17474
Ovary	lead	1	1852727	149	228.644	0.651667	0.541817	0.762866
Ovary	lead	2	1756780	303	453.968	0.667448	0.584084	0.753003
Ovary	lead	3	1802414	627	744.402	0.842287	0.767447	0.923493
Ovary	lead	4	1983374	1267	1261.96	1.004	0.947017	1.06493
Ovary	lead	5	1724355	2162	1819.03	1.18855	1.14552	1.23568
Ovary	finemapped	1	1852727	22	49.4664	0.444746	0.249803	0.639762
Ovary	finemapped	2	1756780	88	126.993	0.69295	0.528064	0.882389
Ovary	finemapped	3	1802414	225	258.859	0.869198	0.72859	1.02444
Ovary	finemapped	4	1983374	478	484.611	0.986359	0.898097	1.07425
Ovary	finemapped	5	1724355	892	785.071	1.1362	1.06944	1.20355
Pancreas	eqtl	1	1793616	33647	48067.7	0.699992	0.525924	0.888424
Pancreas	eqtl	2	1730793	54860	85625.7	0.640696	0.565413	0.718091
Pancreas	eqtl	3	1788226	115551	126543	0.913136	0.807082	1.02694
Pancreas	eqtl	4	1979365	221397	197685	1.11995	1.07033	1.16681
Pancreas	eqtl	5	1722776	284540	252074	1.1288	1.06343	1.19696
Pancreas	lead	1	1793616	200	388.508	0.51479	0.448689	0.587075
Pancreas	lead	2	1730793	544	781.62	0.69599	0.638812	0.753814
Pancreas	lead	3	1788226	1013	1315.99	0.769763	0.714647	0.829815
Pancreas	lead	4	1979365	2208	2255.75	0.978832	0.938717	1.01809
Pancreas	lead	5	1722776	4068	3291.13	1.23605	1.20229	1.27394
Pancreas	finemapped	1	1793616	61	104.269	0.585025	0.435584	0.754406
Pancreas	finemapped	2	1730793	191	266.509	0.716673	0.593193	0.84075
Pancreas	finemapped	3	1788226	450	560.007	0.803561	0.717842	0.893771
Pancreas	finemapped	4	1979365	1037	1080.69	0.959575	0.894775	1.03016
Pancreas	finemapped	5	1722776	2075	1802.53	1.15116	1.10343	1.19556
Pituitary	eqtl	1	1917204	31381	43865.1	0.715398	0.532992	0.913081
Pituitary	eqtl	2	1777876	50654	76805.4	0.659511	0.562322	0.761366
Pituitary	eqtl	3	1810523	100698	111255	0.905107	0.793059	1.01973
Pituitary	eqtl	4	1985525	192973	170355	1.13277	1.0793	1.18668
Pituitary	eqtl	5	1724638	243364	216789	1.12258	1.04896	1.20088
Pituitary	lead	1	1917204	249	385.008	0.64674	0.570855	0.735516
Pituitary	lead	2	1777876	528	774.412	0.681807	0.611931	0.759598
Pituitary	lead	3	1810523	949	1265.16	0.750102	0.696966	0.807095
Pituitary	lead	4	1985525	2115	2101.5	1.00642	0.965096	1.04886
Pituitary	lead	5	1724638	3690	3004.92	1.22799	1.19445	1.26348
Pituitary	finemapped	1	1917204	43	80.4368	0.534581	0.376442	0.710932
Pituitary	finemapped	2	1777876	164	211.215	0.776458	0.569581	1.00669
Pituitary	finemapped	3	1810523	324	429.204	0.754886	0.657255	0.863833
Pituitary	finemapped	4	1985525	810	786.816	1.02947	0.95439	1.11083
Pituitary	finemapped	5	1724638	1449	1282.33	1.12998	1.07461	1.18172
Prostate	eqtl	1	1890051	20677	27408.2	0.754408	0.519021	0.992914
Prostate	eqtl	2	1768687	33571	52054.4	0.644921	0.534869	0.775711
Prostate	eqtl	3	1800888	72389	78864.7	0.917889	0.765577	1.0633
Prostate	eqtl	4	1983956	139665	123296	1.13276	1.06769	1.19428
Prostate	eqtl	5	1724299	176868	161546	1.09484	1.00046	1.1996
Prostate	lead	1	1890051	168	297.71	0.564307	0.477947	0.658052
Prostate	lead	2	1768687	439	601.712	0.729585	0.657623	0.799649
Prostate	lead	3	1800888	817	1010.75	0.80831	0.748812	0.875796
Prostate	lead	4	1983956	1665	1684.15	0.988628	0.945036	1.03705
Prostate	lead	5	1724299	2933	2427.68	1.20815	1.16651	1.24551
Prostate	finemapped	1	1890051	35	63.4222	0.551858	0.370543	0.738227
Prostate	finemapped	2	1768687	129	166.499	0.774777	0.622218	0.918226
Prostate	finemapped	3	1800888	289	352.796	0.81917	0.698055	0.948058
Prostate	finemapped	4	1983956	597	651.106	0.916901	0.839464	1.00548
Prostate	finemapped	5	1724299	1240	1056.18	1.17405	1.11467	1.2319
Skin_Not_Sun_Exposed_Suprapubic	eqtl	1	1850161	57187	87699	0.652083	0.534976	0.772645
Skin_Not_Sun_Exposed_Suprapubic	eqtl	2	1753483	108853	158906	0.685014	0.621962	0.750235
Skin_Not_Sun_Exposed_Suprapubic	eqtl	3	1802059	208902	226483	0.922374	0.855984	0.989071
Skin_Not_Sun_Exposed_Suprapubic	eqtl	4	1983170	381753	341950	1.1164	1.07898	1.15139
Skin_Not_Sun_Exposed_Suprapubic	eqtl	5	1724448	475305	416962	1.13992	1.0943	1.18781
Skin_Not_Sun_Exposed_Suprapubic	lead	1	1850161	362	660.645	0.54795	0.490986	0.603001
Skin_Not_Sun_Exposed_Suprapubic	lead	2	1753483	924	1339.35	0.689888	0.642747	0.736045
Skin_Not_Sun_Exposed_Suprapubic	lead	3	1802059	1711	2172.89	0.787431	0.744989	0.831531
Skin_Not_Sun_Exposed_Suprapubic	lead	4	1983170	3529	3624.47	0.97366	0.93993	1.00819
Skin_Not_Sun_Exposed_Suprapubic	lead	5	1724448	6459	5187.65	1.24507	1.21314	1.28315
Skin_Not_Sun_Exposed_Suprapubic	finemapped	1	1850161	88	202.011	0.43562	0.333829	0.541876
Skin_Not_Sun_Exposed_Suprapubic	finemapped	2	1753483	400	540.494	0.740064	0.625129	0.866944
Skin_Not_Sun_Exposed_Suprapubic	finemapped	3	1802059	907	1070.19	0.847511	0.767365	0.935391
Skin_Not_Sun_Exposed_Suprapubic	finemapped	4	1983170	1951	1976.73	0.986983	0.926451	1.0584
Skin_Not_Sun_Exposed_Suprapubic	finemapped	5	1724448	3645	3201.57	1.1385	1.08609	1.18482
Skin_Sun_Exposed_Lower_leg	eqtl	1	1858170	71775	106253	0.675512	0.564852	0.791449
Skin_Sun_Exposed_Lower_leg	eqtl	2	1752275	134230	187460	0.716045	0.658038	0.778937
Skin_Sun_Exposed_Lower_leg	eqtl	3	1803849	239937	263686	0.909936	0.850431	0.971883
Skin_Sun_Exposed_Lower_leg	eqtl	4	1983940	441512	394481	1.11922	1.08529	1.15291
Skin_Sun_Exposed_Lower_leg	eqtl	5	1723939	539557	475132	1.13559	1.09391	1.17624
Skin_Sun_Exposed_Lower_leg	lead	1	1858170	424	729.636	0.581112	0.526299	0.638275
Skin_Sun_Exposed_Lower_leg	lead	2	1752275	1004	1468.54	0.683672	0.635526	0.731614
Skin_Sun_Exposed_Lower_leg	lead	3	1803849	1834	2377.91	0.771264	0.724207	0.820656
Skin_Sun_Exposed_Lower_leg	lead	4	1983940	3880	3939.88	0.984803	0.950589	1.0185
Skin_Sun_Exposed_Lower_leg	lead	5	1723939	6994	5620.03	1.24448	1.21432	1.28161
Skin_Sun_Exposed_Lower_leg	finemapped	1	1858170	130	236.191	0.550402	0.443547	0.670523
Skin_Sun_Exposed_Lower_leg	finemapped	2	1752275	448	617.631	0.725353	0.620653	0.846903
Skin_Sun_Exposed_Lower_leg	finemapped	3	1803849	990	1229.32	0.80532	0.730308	0.887542
Skin_Sun_Exposed_Lower_leg	finemapped	4	1983940	2255	2271.15	0.992891	0.933553	1.05412
Skin_Sun_Exposed_Lower_leg	finemapped	5	1723939	4189	3657.71	1.14525	1.1006	1.18969
Small_Intestine_Terminal_Ileum	eqtl	1	1866588	14375	21050.9	0.68287	0.438758	0.944299
Small_Intestine_Terminal_Ileum	eqtl	2	1762475	27261	41471	0.657351	0.540785	0.788085
Small_Intestine_Terminal_Ileum	eqtl	3	1799219	58019	63103.5	0.919426	0.749057	1.08711
Small_Intestine_Terminal_Ileum	eqtl	4	1982585	112267	99661.2	1.12649	1.0631	1.19482
Small_Intestine_Terminal_Ileum	eqtl	5	1724324	144948	131583	1.10157	0.99304	1.21918
Small_Intestine_Terminal_Ileum	lead	1	1866588	176	276.215	0.637185	0.54252	0.724819
Small_Intestine_Terminal_Ileum	lead	2	1762475	429	566.232	0.75764	0.678406	0.850294
Small_Intestine_Terminal_Ileum	lead	3	1799219	747	927.041	0.80579	0.743574	0.873851
Small_Intestine_Terminal_Ileum	lead	4	1982585	1509	1530.17	0.986165	0.940676	1.03487
Small_Intestine_Terminal_Ileum	lead	5	1724324	2628	2189.34	1.20036	1.16232	1.23998
Small_Intestine_Terminal_Ileum	finemapped	1	1866588	28	49.641	0.56405	0.373708	0.76405
Small_Intestine_Terminal_Ileum	finemapped	2	1762475	110	139.394	0.789127	0.608884	0.993944
Small_Intestine_Terminal_Ileum	finemapped	3	1799219	260	291.395	0.892261	0.779031	1.02686
Small_Intestine_Terminal_Ileum	finemapped	4	1982585	482	532.219	0.905643	0.82876	0.992138
Small_Intestine_Terminal_Ileum	finemapped	5	1724324	992	859.351	1.15436	1.08736	1.21562
Spleen	eqtl	1	1828207	29097	44136.2	0.659255	0.493843	0.845482
Spleen	eqtl	2	1740721	56499	81868.8	0.690116	0.592816	0.794208
Spleen	eqtl	3	1787153	104727	119492	0.876432	0.778507	0.987008
Spleen	eqtl	4	1979259	208395	184786	1.12777	1.08111	1.17519
Spleen	eqtl	5	1722852	266908	235343	1.13412	1.06454	1.20405
Spleen	lead	1	1828207	250	444.303	0.562679	0.487208	0.636652
Spleen	lead	2	1740721	656	931.554	0.704199	0.64934	0.767802
Spleen	lead	3	1787153	1221	1505.7	0.810921	0.760633	0.865483
Spleen	lead	4	1979259	2436	2479.91	0.982292	0.9435	1.02038
Spleen	lead	5	1722852	4320	3521.53	1.22674	1.1921	1.26432
Spleen	finemapped	1	1828207	45	99.5687	0.451949	0.31204	0.602142
Spleen	finemapped	2	1740721	211	280.433	0.752409	0.632146	0.875386
Spleen	finemapped	3	1787153	476	550.994	0.863893	0.768398	0.962263
Spleen	finemapped	4	1979259	921	993.404	0.927115	0.869224	0.982889
Spleen	finemapped	5	1722852	1851	1579.6	1.17182	1.12489	1.21931
Stomach	eqtl	1	1852694	26953	38856.1	0.693662	0.496159	0.915603
Stomach	eqtl	2	1756347	45888	72603.7	0.632034	0.544473	0.729503
Stomach	eqtl	3	1797092	97626	109009	0.895576	0.77593	1.02029
Stomach	eqtl	4	1983023	191346	171193	1.11772	1.06055	1.17588
Stomach	eqtl	5	1724480	249804	219955	1.13571	1.05346	1.22129
Stomach	lead	1	1852694	191	347.26	0.550019	0.474757	0.632496
Stomach	lead	2	1756347	491	705.779	0.695685	0.632168	0.766068
Stomach	lead	3	1797092	965	1195.03	0.807514	0.749911	0.870575
Stomach	lead	4	1983023	1973	2042.49	0.965976	0.927097	1.00911
Stomach	lead	5	1724480	3629	2958.44	1.22666	1.18766	1.26475
Stomach	finemapped	1	1852694	38	79.4083	0.478539	0.337639	0.643744
Stomach	finemapped	2	1756347	167	220.744	0.756533	0.621881	0.907957
Stomach	finemapped	3	1797092	400	477.76	0.83724	0.73534	0.957134
Stomach	finemapped	4	1983023	898	909.108	0.987781	0.92109	1.06588
Stomach	finemapped	5	1724480	1678	1493.98	1.12317	1.06882	1.17448
Testis	eqtl	1	2114885	130242	160045	0.813785	0.738998	0.885667
Testis	eqtl	2	1809562	149068	207932	0.716907	0.668963	0.767849
Testis	eqtl	3	1822073	228602	260026	0.879151	0.825936	0.937544
Testis	eqtl	4	1991317	401924	346861	1.15875	1.12296	1.19205
Testis	eqtl	5	1726660	447017	381989	1.17024	1.12443	1.22046
Testis	lead	1	2114885	846	1332.41	0.63494	0.593394	0.67932
Testis	lead	2	1809562	1495	2050	0.729268	0.689517	0.772587
Testis	lead	3	1822073	2369	2883.34	0.821616	0.7815	0.862405
Testis	lead	4	1991317	4292	4166.87	1.03003	0.992497	1.06416
Testis	lead	5	1726660	6606	5175.38	1.27643	1.24238	1.31068
Testis	finemapped	1	2114885	305	460.876	0.661783	0.570644	0.761458
Testis	finemapped	2	1809562	636	813.266	0.782032	0.702627	0.866163
Testis	finemapped	3	1822073	1061	1285.67	0.82525	0.757203	0.896732
Testis	finemapped	4	1991317	1980	1977.4	1.00131	0.941376	1.06129
Testis	finemapped	5	1726660	3262	2706.79	1.20512	1.15665	1.25574
Thyroid	eqtl	1	1879927	98666	127622	0.773114	0.681301	0.86657
Thyroid	eqtl	2	1757896	149126	207491	0.718711	0.663744	0.775563
Thyroid	eqtl	3	1797263	258957	287449	0.900879	0.850873	0.954952
Thyroid	eqtl	4	1983949	473214	423258	1.11803	1.08577	1.1501
Thyroid	eqtl	5	1724549	561930	496073	1.13276	1.09491	1.17076
Thyroid	lead	1	1879927	459	786.976	0.583245	0.529295	0.638663
Thyroid	lead	2	1757896	971	1509.62	0.643208	0.603533	0.685889
Thyroid	lead	3	1797263	1921	2464.91	0.779337	0.74029	0.823207
Thyroid	lead	4	1983949	4019	4074.47	0.986386	0.953406	1.02042
Thyroid	lead	5	1724549	7171	5705.02	1.25696	1.22386	1.29558
Thyroid	finemapped	1	1879927	200	294.989	0.677991	0.556639	0.811078
Thyroid	finemapped	2	1757896	487	688.919	0.706905	0.604878	0.819018
Thyroid	finemapped	3	1797263	1116	1345.4	0.829495	0.754655	0.905842
Thyroid	finemapped	4	1983949	2373	2442.12	0.971698	0.916968	1.03127
Thyroid	finemapped	5	1724549	4398	3802.58	1.15658	1.11272	1.20069
Uterus	eqtl	1	1840874	6752	10059.7	0.67119	0.410641	0.924584
Uterus	eqtl	2	1744458	12179	20398.9	0.597042	0.471216	0.736884
Uterus	eqtl	3	1789947	34252	32289.3	1.06078	0.797779	1.29668
Uterus	eqtl	4	1981500	61194	53057.8	1.15335	1.0703	1.23977
Uterus	eqtl	5	1724094	75057	73628.2	1.01941	0.893493	1.16922
Uterus	lead	1	1840874	73	136.501	0.534795	0.406332	0.65566
Uterus	lead	2	1744458	203	286.872	0.707632	0.599265	0.826465
Uterus	lead	3	1789947	451	480.514	0.938577	0.848141	1.03188
Uterus	lead	4	1981500	817	818.177	0.998561	0.936861	1.06047
Uterus	lead	5	1724094	1376	1197.94	1.14864	1.10493	1.19319
Uterus	finemapped	1	1840874	15	24.4532	0.613416	0.324854	0.932864
Uterus	finemapped	2	1744458	50	68.3862	0.731141	0.493557	0.975753
Uterus	finemapped	3	1789947	150	144.195	1.04026	0.850358	1.24656
Uterus	finemapped	4	1981500	263	265.416	0.990896	0.878412	1.09803
Uterus	finemapped	5	1724094	461	436.549	1.05601	0.984812	1.12767
Vagina	eqtl	1	1877588	8936	10952.2	0.815906	0.401214	1.20757
Vagina	eqtl	2	1763242	12848	21461.8	0.598644	0.483	0.729061
Vagina	eqtl	3	1798837	34493	33876.8	1.01819	0.758476	1.25807
Vagina	eqtl	4	1983639	64345	54293.4	1.18513	1.09691	1.27463
Vagina	eqtl	5	1724248	74630	74667.7	0.999495	0.867718	1.15087
Vagina	lead	1	1877588	109	155.364	0.701579	0.583651	0.829542
Vagina	lead	2	1763242	262	312.681	0.837915	0.740306	0.939356
Vagina	lead	3	1798837	469	519.597	0.902623	0.81549	0.99708
Vagina	lead	4	1983639	868	863.887	1.00476	0.933419	1.07029
Vagina	lead	5	1724248	1387	1243.47	1.11543	1.07121	1.16189
Vagina	finemapped	1	1877588	9	20.1473	0.44671	0.209515	0.760539
Vagina	finemapped	2	1763242	52	57.2237	0.908715	0.645308	1.21191
Vagina	finemapped	3	1798837	122	123.755	0.985817	0.80575	1.2034
Vagina	finemapped	4	1983639	224	228.067	0.982169	0.83335	1.12232
Vagina	finemapped	5	1724248	396	373.807	1.05937	0.969237	1.14639
