tissue	outcome	n_tested	n_observed	raw_high_low_ratio	adjusted_high_low_ratio	ci_low	ci_high	sample_size	tested_autosomal_snvs
Whole_Blood	eqtl	8640373	1113507	9.32655	1.66206	1.36401	2.06412	670	8783554
Whole_Blood	lead	8640373	10164	25.714	2.56476	2.22665	2.99619	670	8783554
Whole_Blood	finemapped	8640373	5964	40.6049	2.28636	1.83967	2.91295	670	8783554
Adipose_Subcutaneous	eqtl	9095288	1310534	7.65598	1.59236	1.34858	1.92872	581	9249172
Adipose_Subcutaneous	lead	9095288	12898	19.4781	2.28319	2.0324	2.59462	581	9249172
Adipose_Subcutaneous	finemapped	9095288	6849	37.1128	2.18455	1.78889	2.71472	581	9249172
Adipose_Visceral_Omentum	eqtl	9115445	971437	8.77021	1.64187	1.32715	2.11126	469	9271691
Adipose_Visceral_Omentum	lead	9115445	10370	19.8055	2.25913	1.991	2.56516	469	9271691
Adipose_Visceral_Omentum	finemapped	9115445	5131	39.6151	2.10929	1.7154	2.78523	469	9271691
Adrenal_Gland	eqtl	9132015	525230	8.78443	1.45966	1.10855	2.04747	233	9289184
Adrenal_Gland	lead	9132015	6660	19.4423	2.22834	1.93705	2.62357	233	9289184
Adrenal_Gland	finemapped	9132015	2486	46.9962	2.46843	1.77932	3.74417	233	9289184
Artery_Aorta	eqtl	9089519	989199	8.18727	1.60805	1.31613	2.03693	387	9243160
Artery_Aorta	lead	9089519	10326	18.8108	2.18818	1.93503	2.5005	387	9243160
Artery_Aorta	finemapped	9089519	5159	35.384	2.14171	1.72727	2.79307	387	9243160
Artery_Coronary	eqtl	9125442	404805	11.735	1.76829	1.22398	2.95359	213	9278858
Artery_Coronary	lead	9125442	5182	17.8046	2.01683	1.72469	2.39897	213	9278858
Artery_Coronary	finemapped	9125442	1961	55.9701	2.86141	1.94328	5.31381	213	9278858
Artery_Tibial	eqtl	9075445	1334129	8.08775	1.69926	1.4257	2.05605	584	9228665
Artery_Tibial	lead	9075445	12412	20.3896	2.36234	2.10853	2.69862	584	9228665
Artery_Tibial	finemapped	9075445	7180	36.0307	2.14805	1.72841	2.74311	584	9228665
Brain_Amygdala	eqtl	9226228	207679	9.63465	1.42653	0.980474	2.41313	129	9386045
Brain_Amygdala	lead	9226228	3121	13.4939	1.67277	1.40614	2.0485	129	9386045
Brain_Amygdala	finemapped	9226228	834	25.1471	1.37933	0.920371	2.42219	129	9386045
Brain_Anterior_cingulate_cortex_BA24	eqtl	9235131	310423	10.6843	1.70304	1.25188	2.50847	147	9395561
Brain_Anterior_cingulate_cortex_BA24	lead	9235131	4685	12.0854	1.60953	1.41101	1.83757	147	9395561
Brain_Anterior_cingulate_cortex_BA24	finemapped	9235131	1255	30.8428	1.7062	1.16785	2.77396	147	9395561
Brain_Caudate_basal_ganglia	eqtl	9233083	510024	9.03445	1.58426	1.23211	2.10131	194	9390906
Brain_Caudate_basal_ganglia	lead	9233083	6943	13.914	1.87436	1.65208	2.15721	194	9390906
Brain_Caudate_basal_ganglia	finemapped	9233083	2447	26.4478	1.68688	1.30674	2.36033	194	9390906
Brain_Cerebellar_Hemisphere	eqtl	9212203	599526	8.75368	1.55993	1.22256	2.05428	175	9364456
Brain_Cerebellar_Hemisphere	lead	9212203	8122	16.0277	1.99642	1.76188	2.24838	175	9364456
Brain_Cerebellar_Hemisphere	finemapped	9212203	2955	30.4133	1.78779	1.36955	2.42495	175	9364456
Brain_Cerebellum	eqtl	9207811	731151	9.11177	1.646	1.31115	2.14605	209	9359939
Brain_Cerebellum	lead	9207811	9180	16.2698	2.01152	1.78313	2.25539	209	9359939
Brain_Cerebellum	finemapped	9207811	3667	35.1023	2.0883	1.55083	2.94283	209	9359939
Brain_Cortex	eqtl	9230839	581717	9.16941	1.71045	1.30923	2.34589	205	9393083
Brain_Cortex	lead	9230839	7549	15.1162	1.95618	1.72295	2.23123	205	9393083
Brain_Cortex	finemapped	9230839	2738	31.4505	1.9181	1.50075	2.60975	205	9393083
Brain_Frontal_Cortex_BA9	eqtl	9251175	438432	9.07383	1.61208	1.20627	2.3336	175	9413419
Brain_Frontal_Cortex_BA9	lead	9251175	6098	14.5702	1.91859	1.68547	2.19741	175	9413419
Brain_Frontal_Cortex_BA9	finemapped	9251175	2211	26.9493	1.69996	1.28521	2.3869	175	9413419
Brain_Hippocampus	eqtl	9230844	323571	9.61603	1.58266	1.14657	2.41683	165	9391740
Brain_Hippocampus	lead	9230844	4645	14.1464	1.78367	1.54855	2.07565	165	9391740
Brain_Hippocampus	finemapped	9230844	1491	25.9667	1.5039	1.10179	2.28846	165	9391740
Brain_Hypothalamus	eqtl	9258165	332171	8.73094	1.40916	1.02012	2.15325	170	9419443
Brain_Hypothalamus	lead	9258165	4536	14.2203	1.85116	1.60043	2.21954	170	9419443
Brain_Hypothalamus	finemapped	9258165	1476	25.4705	1.55027	1.0797	2.50681	170	9419443
Brain_Nucleus_accumbens_basal_ganglia	eqtl	9234934	503055	8.72831	1.53262	1.16534	2.10511	202	9392753
Brain_Nucleus_accumbens_basal_ganglia	lead	9234934	6813	14.2556	1.8398	1.62279	2.1339	202	9392753
Brain_Nucleus_accumbens_basal_ganglia	finemapped	9234934	2383	24.5253	1.44196	1.10269	2.07142	202	9392753
Brain_Putamen_basal_ganglia	eqtl	9212225	412875	9.45279	1.5989	1.16964	2.35282	170	9369524
Brain_Putamen_basal_ganglia	lead	9212225	5754	14.3548	1.82532	1.60069	2.13121	170	9369524
Brain_Putamen_basal_ganglia	finemapped	9212225	1994	28.5936	1.76149	1.31287	2.67597	170	9369524
Brain_Spinal_cord_cervical_c-1	eqtl	9255473	253632	9.89231	1.53729	1.15333	2.18094	126	9416618
Brain_Spinal_cord_cervical_c-1	lead	9255473	3698	14.921	1.84869	1.53587	2.30781	126	9416618
Brain_Spinal_cord_cervical_c-1	finemapped	9255473	1086	22.0851	1.46139	1.00643	2.45891	126	9416618
Brain_Substantia_nigra	eqtl	9222045	173008	9.80086	1.43008	0.967039	2.47227	114	9383042
Brain_Substantia_nigra	lead	9222045	2731	14.5117	1.84361	1.50332	2.30191	114	9383042
Brain_Substantia_nigra	finemapped	9222045	738	30.7905	1.68052	1.11764	3.2304	114	9383042
Breast_Mammary_Tissue	eqtl	9135638	794999	9.87512	1.71232	1.30694	2.34809	396	9292024
Breast_Mammary_Tissue	lead	9135638	8965	21.6839	2.34799	2.06198	2.72585	396	9292024
Breast_Mammary_Tissue	finemapped	9135638	4363	34.11	1.82719	1.46539	2.42904	396	9292024
Cells_Cultured_fibroblasts	eqtl	8977470	1367647	7.81383	1.6688	1.40496	2.01867	483	9127937
Cells_Cultured_fibroblasts	lead	8977470	12687	19.5466	2.29964	2.04256	2.59898	483	9127937
Cells_Cultured_fibroblasts	finemapped	8977470	7257	43.7103	2.60968	2.04307	3.4246	483	9127937
Cells_EBV-transformed_lymphocytes	eqtl	8852190	263817	12.4662	1.59319	1.02902	3.13842	147	9004781
Cells_EBV-transformed_lymphocytes	lead	8852190	4027	16.5769	1.71063	1.45126	2.12334	147	9004781
Cells_EBV-transformed_lymphocytes	finemapped	8852190	1396	43.6614	2.17871	1.41849	4.29458	147	9004781
Colon_Sigmoid	eqtl	9144337	747758	9.24875	1.61656	1.25089	2.15435	318	9297733
Colon_Sigmoid	lead	9144337	8741	17.5003	2.05459	1.81234	2.34566	318	9297733
Colon_Sigmoid	finemapped	9144337	3787	38.8605	2.0589	1.5445	2.85814	318	9297733
Colon_Transverse	eqtl	9149697	820576	9.37914	1.68404	1.31009	2.28191	368	9307117
Colon_Transverse	lead	9149697	9678	20.5186	2.29621	2.03399	2.64215	368	9307117
Colon_Transverse	finemapped	9149697	4459	44.6521	2.26887	1.79142	3.05587	368	9307117
Esophagus_Gastroesophageal_Junction	eqtl	9132884	775601	9.43533	1.58018	1.2258	2.1578	330	9286426
Esophagus_Gastroesophageal_Junction	lead	9132884	8673	20.3479	2.20679	1.89631	2.56035	330	9286426
Esophagus_Gastroesophageal_Junction	finemapped	9132884	4050	45.3682	2.28539	1.75895	3.19265	330	9286426
Esophagus_Mucosa	eqtl	9041528	1197746	8.92802	1.72569	1.41524	2.16533	497	9191338
Esophagus_Mucosa	lead	9041528	12135	20.566	2.31956	2.04392	2.63212	497	9191338
Esophagus_Mucosa	finemapped	9041528	6412	39.9292	2.25595	1.8526	2.86139	497	9191338
Esophagus_Muscularis	eqtl	9116754	1174075	7.8126	1.59665	1.33374	1.98198	465	9270397
Esophagus_Muscularis	lead	9116754	11669	19.9556	2.36178	2.12835	2.66503	465	9270397
Esophagus_Muscularis	finemapped	9116754	6296	39.1613	2.1755	1.76417	2.7919	465	9270397
Heart_Atrial_Appendage	eqtl	9102177	838024	8.09366	1.57009	1.26906	2.0221	372	9253625
Heart_Atrial_Appendage	lead	9102177	9140	19.6364	2.22509	1.9303	2.5606	372	9253625
Heart_Atrial_Appendage	finemapped	9102177	4428	38.5136	2.15203	1.66772	2.91254	372	9253625
Heart_Left_Ventricle	eqtl	9021739	740873	9.57662	1.64729	1.26942	2.26103	386	9176077
Heart_Left_Ventricle	lead	9021739	8076	20.6917	2.26061	1.94551	2.64607	386	9176077
Heart_Left_Ventricle	finemapped	9021739	3812	38.1769	2.00957	1.51993	2.80716	386	9176077
Kidney_Cortex	eqtl	9123554	65670	8.32927	1.11778	0.721809	2.13727	73	9274223
Kidney_Cortex	lead	9123554	1039	13.438	1.53767	1.19103	2.16597	73	9274223
Kidney_Cortex	finemapped	9123554	334	22.3568	1.74355	1.05553	4.26417	73	9274223
Liver	eqtl	8955031	351542	11.3112	1.66331	1.21893	2.38857	208	9101132
Liver	lead	8955031	4749	17.8882	2.05862	1.74164	2.45564	208	9101132
Liver	finemapped	8955031	1787	67.4466	3.56382	2.34371	6.67499	208	9101132
Lung	eqtl	9132748	1097661	8.12866	1.61139	1.34148	1.99646	515	9286295
Lung	lead	9132748	11631	18.3744	2.1459	1.90512	2.41641	515	9286295
Lung	finemapped	9132748	5875	31.4676	1.89224	1.54136	2.49289	515	9286295
Minor_Salivary_Gland	eqtl	9118733	251817	10.7785	1.49372	1.01833	2.6386	144	9269404
Minor_Salivary_Gland	lead	9118733	3945	14.5037	1.62398	1.37492	1.94952	144	9269404
Minor_Salivary_Gland	finemapped	9118733	1288	47.84	2.51733	1.51903	5.36741	144	9269404
Muscle_Skeletal	eqtl	8954165	1233074	8.79897	1.74033	1.43653	2.16827	706	9105918
Muscle_Skeletal	lead	8954165	11277	21.9006	2.50352	2.19114	2.92391	706	9105918
Muscle_Skeletal	finemapped	8954165	6156	44.744	2.52626	1.9604	3.49355	706	9105918
Nerve_Tibial	eqtl	9173031	1504853	6.88288	1.59346	1.38161	1.87179	532	9326672
Nerve_Tibial	lead	9173031	14325	18.1797	2.33981	2.09517	2.59087	532	9326672
Nerve_Tibial	finemapped	9173031	8510	31.0571	2.10975	1.76026	2.61057	532	9326672
Ovary	eqtl	9119650	322967	8.835	1.35567	0.985517	2.08321	167	9274607
Ovary	lead	9119650	4508	15.5903	1.82385	1.53964	2.18823	167	9274607
Ovary	finemapped	9119650	1705	43.5639	2.55472	1.74997	4.44635	167	9274607
Pancreas	eqtl	9014776	709995	8.80436	1.61259	1.23718	2.2148	305	9168316
Pancreas	lead	9014776	8033	21.1764	2.40107	2.08901	2.75157	305	9168316
Pancreas	finemapped	9014776	3814	35.4151	1.96771	1.51667	2.6481	305	9168316
Pituitary	eqtl	9215766	619070	8.62105	1.56917	1.19748	2.17586	237	9378278
Pituitary	lead	9215766	7531	16.4739	1.89873	1.65259	2.1636	237	9378278
Pituitary	finemapped	9215766	2790	37.4602	2.11376	1.56228	3.02398	237	9378278
Prostate	eqtl	9167881	443170	9.37611	1.45126	1.07425	2.20348	221	9324367
Prostate	lead	9167881	6022	19.1366	2.14095	1.83213	2.54579	221	9324367
Prostate	finemapped	9167881	2290	38.8342	2.12745	1.55697	3.18949	221	9324367
Skin_Not_Sun_Exposed_Suprapubic	eqtl	9113321	1232000	8.91732	1.74813	1.45035	2.16639	517	9266553
Skin_Not_Sun_Exposed_Suprapubic	lead	9113321	12985	19.1433	2.27224	2.03768	2.55801	517	9266553
Skin_Not_Sun_Exposed_Suprapubic	finemapped	9113321	6991	44.44	2.61352	2.08292	3.40683	517	9266553
Skin_Sun_Exposed_Lower_leg	eqtl	9122173	1427011	8.10266	1.68109	1.42392	2.03265	605	9283811
Skin_Sun_Exposed_Lower_leg	lead	9122173	14136	17.7797	2.14154	1.92868	2.37924	605	9283811
Skin_Sun_Exposed_Lower_leg	finemapped	9122173	8012	34.7321	2.08076	1.69691	2.58796	605	9283811
Small_Intestine_Terminal_Ileum	eqtl	9135191	356870	10.9153	1.61314	1.09989	2.64228	174	9288750
Small_Intestine_Terminal_Ileum	lead	9135191	5489	16.1638	1.88385	1.64461	2.22344	174	9288750
Small_Intestine_Terminal_Ileum	finemapped	9135191	1872	38.3516	2.04655	1.49664	3.09114	174	9288750
Spleen	eqtl	9058192	665626	9.73399	1.72031	1.30655	2.3642	227	9211031
Spleen	lead	9058192	8883	18.3367	2.18017	1.89698	2.52834	227	9211031
Spleen	finemapped	9058192	3504	43.6487	2.5928	1.94261	3.77995	227	9211031
Stomach	eqtl	9113636	611617	9.95721	1.63726	1.20932	2.36327	324	9266176
Stomach	lead	9113636	7249	20.4126	2.23021	1.92047	2.61417	324	9266176
Stomach	finemapped	9113636	3181	47.441	2.34709	1.75086	3.35629	324	9266176
Testis	eqtl	9464497	1356853	4.20391	1.43802	1.29786	1.6094	322	9633330
Testis	lead	9464497	15608	9.56419	2.01031	1.86023	2.17931	322	9633330
Testis	finemapped	9464497	7244	13.0998	1.82102	1.57153	2.13671	322	9633330
Thyroid	eqtl	9143584	1541893	6.20841	1.46519	1.29764	1.68892	574	9296860
Thyroid	lead	9143584	14541	17.0307	2.15512	1.93633	2.41262	574	9296860
Thyroid	finemapped	9143584	8574	23.9712	1.7059	1.40282	2.09601	574	9296860
Uterus	eqtl	9080873	189434	11.8692	1.5188	1.06099	2.6547	129	9234289
Uterus	lead	9080873	2920	20.1261	2.14782	1.72511	2.84519	129	9234289
Uterus	finemapped	9080873	939	32.815	1.72152	1.10477	3.25225	129	9234289
Vagina	eqtl	9147554	195252	9.09433	1.22501	0.792521	2.65293	141	9301485
Vagina	lead	9147554	3095	13.8564	1.58988	1.3346	1.9142	141	9301485
Vagina	finemapped	9147554	803	47.913	2.37149	1.36813	5.12769	141	9301485
