tissue	url
Whole_Blood	https://ftp.ebi.ac.uk/pub/databases/spot/eQTL/imported/GTEx_V8/ge/Whole_Blood.tsv.gz
Adipose_Subcutaneous	https://ftp.ebi.ac.uk/pub/databases/spot/eQTL/imported/GTEx_V8/ge/Adipose_Subcutaneous.tsv.gz
Adipose_Visceral_Omentum	https://ftp.ebi.ac.uk/pub/databases/spot/eQTL/imported/GTEx_V8/ge/Adipose_Visceral_Omentum.tsv.gz
Adrenal_Gland	https://ftp.ebi.ac.uk/pub/databases/spot/eQTL/imported/GTEx_V8/ge/Adrenal_Gland.tsv.gz
Artery_Aorta	https://ftp.ebi.ac.uk/pub/databases/spot/eQTL/imported/GTEx_V8/ge/Artery_Aorta.tsv.gz
Artery_Coronary	https://ftp.ebi.ac.uk/pub/databases/spot/eQTL/imported/GTEx_V8/ge/Artery_Coronary.tsv.gz
Artery_Tibial	https://ftp.ebi.ac.uk/pub/databases/spot/eQTL/imported/GTEx_V8/ge/Artery_Tibial.tsv.gz
Brain_Amygdala	https://ftp.ebi.ac.uk/pub/databases/spot/eQTL/imported/GTEx_V8/ge/Brain_Amygdala.tsv.gz
Brain_Anterior_cingulate_cortex_BA24	https://ftp.ebi.ac.uk/pub/databases/spot/eQTL/imported/GTEx_V8/ge/Brain_Anterior_cingulate_cortex_BA24.tsv.gz
Brain_Caudate_basal_ganglia	https://ftp.ebi.ac.uk/pub/databases/spot/eQTL/imported/GTEx_V8/ge/Brain_Caudate_basal_ganglia.tsv.gz
Brain_Cerebellar_Hemisphere	https://ftp.ebi.ac.uk/pub/databases/spot/eQTL/imported/GTEx_V8/ge/Brain_Cerebellar_Hemisphere.tsv.gz
Brain_Cerebellum	https://ftp.ebi.ac.uk/pub/databases/spot/eQTL/imported/GTEx_V8/ge/Brain_Cerebellum.tsv.gz
Brain_Cortex	https://ftp.ebi.ac.uk/pub/databases/spot/eQTL/imported/GTEx_V8/ge/Brain_Cortex.tsv.gz
Brain_Frontal_Cortex_BA9	https://ftp.ebi.ac.uk/pub/databases/spot/eQTL/imported/GTEx_V8/ge/Brain_Frontal_Cortex_BA9.tsv.gz
Brain_Hippocampus	https://ftp.ebi.ac.uk/pub/databases/spot/eQTL/imported/GTEx_V8/ge/Brain_Hippocampus.tsv.gz
Brain_Hypothalamus	https://ftp.ebi.ac.uk/pub/databases/spot/eQTL/imported/GTEx_V8/ge/Brain_Hypothalamus.tsv.gz
Brain_Nucleus_accumbens_basal_ganglia	https://ftp.ebi.ac.uk/pub/databases/spot/eQTL/imported/GTEx_V8/ge/Brain_Nucleus_accumbens_basal_ganglia.tsv.gz
Brain_Putamen_basal_ganglia	https://ftp.ebi.ac.uk/pub/databases/spot/eQTL/imported/GTEx_V8/ge/Brain_Putamen_basal_ganglia.tsv.gz
Brain_Spinal_cord_cervical_c-1	https://ftp.ebi.ac.uk/pub/databases/spot/eQTL/imported/GTEx_V8/ge/Brain_Spinal_cord_cervical_c-1.tsv.gz
Brain_Substantia_nigra	https://ftp.ebi.ac.uk/pub/databases/spot/eQTL/imported/GTEx_V8/ge/Brain_Substantia_nigra.tsv.gz
Breast_Mammary_Tissue	https://ftp.ebi.ac.uk/pub/databases/spot/eQTL/imported/GTEx_V8/ge/Breast_Mammary_Tissue.tsv.gz
Cells_Cultured_fibroblasts	https://ftp.ebi.ac.uk/pub/databases/spot/eQTL/imported/GTEx_V8/ge/Cells_Cultured_fibroblasts.tsv.gz
Cells_EBV-transformed_lymphocytes	https://ftp.ebi.ac.uk/pub/databases/spot/eQTL/imported/GTEx_V8/ge/Cells_EBV-transformed_lymphocytes.tsv.gz
Colon_Sigmoid	https://ftp.ebi.ac.uk/pub/databases/spot/eQTL/imported/GTEx_V8/ge/Colon_Sigmoid.tsv.gz
Colon_Transverse	https://ftp.ebi.ac.uk/pub/databases/spot/eQTL/imported/GTEx_V8/ge/Colon_Transverse.tsv.gz
Esophagus_Gastroesophageal_Junction	https://ftp.ebi.ac.uk/pub/databases/spot/eQTL/imported/GTEx_V8/ge/Esophagus_Gastroesophageal_Junction.tsv.gz
Esophagus_Mucosa	https://ftp.ebi.ac.uk/pub/databases/spot/eQTL/imported/GTEx_V8/ge/Esophagus_Mucosa.tsv.gz
Esophagus_Muscularis	https://ftp.ebi.ac.uk/pub/databases/spot/eQTL/imported/GTEx_V8/ge/Esophagus_Muscularis.tsv.gz
Heart_Atrial_Appendage	https://ftp.ebi.ac.uk/pub/databases/spot/eQTL/imported/GTEx_V8/ge/Heart_Atrial_Appendage.tsv.gz
Heart_Left_Ventricle	https://ftp.ebi.ac.uk/pub/databases/spot/eQTL/imported/GTEx_V8/ge/Heart_Left_Ventricle.tsv.gz
Kidney_Cortex	https://ftp.ebi.ac.uk/pub/databases/spot/eQTL/imported/GTEx_V8/ge/Kidney_Cortex.tsv.gz
Liver	https://ftp.ebi.ac.uk/pub/databases/spot/eQTL/imported/GTEx_V8/ge/Liver.tsv.gz
Lung	https://ftp.ebi.ac.uk/pub/databases/spot/eQTL/imported/GTEx_V8/ge/Lung.tsv.gz
Minor_Salivary_Gland	https://ftp.ebi.ac.uk/pub/databases/spot/eQTL/imported/GTEx_V8/ge/Minor_Salivary_Gland.tsv.gz
Muscle_Skeletal	https://ftp.ebi.ac.uk/pub/databases/spot/eQTL/imported/GTEx_V8/ge/Muscle_Skeletal.tsv.gz
Nerve_Tibial	https://ftp.ebi.ac.uk/pub/databases/spot/eQTL/imported/GTEx_V8/ge/Nerve_Tibial.tsv.gz
Ovary	https://ftp.ebi.ac.uk/pub/databases/spot/eQTL/imported/GTEx_V8/ge/Ovary.tsv.gz
Pancreas	https://ftp.ebi.ac.uk/pub/databases/spot/eQTL/imported/GTEx_V8/ge/Pancreas.tsv.gz
Pituitary	https://ftp.ebi.ac.uk/pub/databases/spot/eQTL/imported/GTEx_V8/ge/Pituitary.tsv.gz
Prostate	https://ftp.ebi.ac.uk/pub/databases/spot/eQTL/imported/GTEx_V8/ge/Prostate.tsv.gz
Skin_Not_Sun_Exposed_Suprapubic	https://ftp.ebi.ac.uk/pub/databases/spot/eQTL/imported/GTEx_V8/ge/Skin_Not_Sun_Exposed_Suprapubic.tsv.gz
Skin_Sun_Exposed_Lower_leg	https://ftp.ebi.ac.uk/pub/databases/spot/eQTL/imported/GTEx_V8/ge/Skin_Sun_Exposed_Lower_leg.tsv.gz
Small_Intestine_Terminal_Ileum	https://ftp.ebi.ac.uk/pub/databases/spot/eQTL/imported/GTEx_V8/ge/Small_Intestine_Terminal_Ileum.tsv.gz
Spleen	https://ftp.ebi.ac.uk/pub/databases/spot/eQTL/imported/GTEx_V8/ge/Spleen.tsv.gz
Stomach	https://ftp.ebi.ac.uk/pub/databases/spot/eQTL/imported/GTEx_V8/ge/Stomach.tsv.gz
Testis	https://ftp.ebi.ac.uk/pub/databases/spot/eQTL/imported/GTEx_V8/ge/Testis.tsv.gz
Thyroid	https://ftp.ebi.ac.uk/pub/databases/spot/eQTL/imported/GTEx_V8/ge/Thyroid.tsv.gz
Uterus	https://ftp.ebi.ac.uk/pub/databases/spot/eQTL/imported/GTEx_V8/ge/Uterus.tsv.gz
Vagina	https://ftp.ebi.ac.uk/pub/databases/spot/eQTL/imported/GTEx_V8/ge/Vagina.tsv.gz
